YEAR,MONTH,BENE_GEO_LVL,BENE_STATE_ABRVTN,BENE_STATE_DESC,BENE_COUNTY_DESC,BENE_FIPS_CD,TOT_BENES,ORGNL_MDCR_BENES,MA_AND_OTH_BENES,AGED_TOT_BENES,AGED_ESRD_BENES,AGED_NO_ESRD_BENES,DSBLD_TOT_BENES,DSBLD_ESRD_AND_ESRD_ONLY_BENES,DSBLD_NO_ESRD_BENES,MALE_TOT_BENES,FEMALE_TOT_BENES,WHITE_TOT_BENES,BLACK_TOT_BENES,API_TOT_BENES,HSPNC_TOT_BENES,NATIND_TOT_BENES,OTHR_TOT_BENES,AGE_LT_25_BENES,AGE_25_TO_44_BENES,AGE_45_TO_64_BENES,AGE_65_TO_69_BENES,AGE_70_TO_74_BENES,AGE_75_TO_79_BENES,AGE_80_TO_84_BENES,AGE_85_TO_89_BENES,AGE_90_TO_94_BENES,AGE_GT_94_BENES,DUAL_TOT_BENES,FULL_DUAL_TOT_BENES,PART_DUAL_TOT_BENES,NODUAL_TOT_BENES,QMB_ONLY_BENES,QMB_PLUS_BENES,SLMB_ONLY_BENES,SLMB_PLUS_BENES,QDWI_QI_BENES,OTHR_FULL_DUAL_MDCD_BENES,A_B_TOT_BENES,A_B_ORGNL_MDCR_BENES,A_B_MA_AND_OTH_BENES,A_TOT_BENES,A_ORGNL_MDCR_BENES,A_MA_AND_OTH_BENES,B_TOT_BENES,B_ORGNL_MDCR_BENES,B_MA_AND_OTH_BENES,PRSCRPTN_DRUG_TOT_BENES,PRSCRPTN_DRUG_PDP_BENES,PRSCRPTN_DRUG_MAPD_BENES,PRSCRPTN_DRUG_DEEMED_ELIGIBLE_FULL_LIS_BENES,PRSCRPTN_DRUG_FULL_LIS_BENES,PRSCRPTN_DRUG_PARTIAL_LIS_BENES,PRSCRPTN_DRUG_NO_LIS_BENES
2026,January,National,US,National,Total,     ,70290546,34585371,35705175,63715176,340513,63374663,6575370,231647,6343723,32087948,38202598,49786594,7462864,2957400,7506481,247845,2329362,69425,1374590,5131355,16058234,17279703,13713102,8781027,4823687,2188319,871104,11951952,8558394,3393558,58338594,1835956,6694129,966595,283394,591007,1580871,64004230,28329934,35674296,70100988,34422960,35678028,64193788,28492345,35701443,56736055,25159108,31576947,12630056,1257348,0,42848651
2026,January,State,AL,Alabama,Total,01,1142544,446215,696329,977860,5904,971956,164684,4742,159942,513013,629531,828863,272533,8787,13199,921,18241,1397,28530,134757,259259,268624,210107,131418,69140,29444,9868,221420,84237,137183,921124,73654,59552,41142,4108,22387,20577,1053102,356903,696199,1135834,439599,696235,1059812,363519,696293,911330,357036,554294,227252,31570,0,652508
2026,January,State,AK,Alaska,Total,02,122916,119363,3553,113239,373,112866,9677,369,9308,61399,61517,89905,3143,5664,4143,12540,7521,131,2749,6797,31206,34591,24343,13575,6297,2433,794,18433,17335,1098,104483,136,12287,437,15,525,5033,107776,104224,3552,122433,118880,3553,108259,104707,3552,83208,81002,2206,20156,1012,0,62040
2026,January,State,AZ,Arizona,Total,04,1554742,759391,795351,1437955,6466,1431489,116787,4968,111819,718350,836392,1152864,54589,34652,233009,32074,47554,1233,24267,91287,345905,385416,323657,211425,110508,45288,15756,248537,185426,63111,1306205,7571,152764,34803,3277,20737,29385,1426304,631198,795106,1544667,749508,795159,1436379,641081,795298,1252158,505908,746250,260716,16946,0,974496
2026,January,State,AR,Arkansas,Total,05,692505,368728,323777,588524,3063,585461,103981,2564,101417,317298,375207,565642,91445,5879,16522,2090,10927,1032,19040,83909,154081,159139,126198,81010,43833,18108,6155,129934,66090,63844,562571,30678,51563,21643,4232,11523,10295,643872,320147,323725,692218,368479,323739,644159,320396,323763,551872,250530,301342,136491,21282,0,394099
2026,January,State,CA,California,Total,06,7199909,3522860,3677049,6732574,44478,6688096,467335,24524,442811,3305488,3894421,3663460,442322,1017729,1763794,17084,295520,4594,106030,356711,1656680,1812217,1432969,936075,530492,253951,110190,1787992,1776414,11578,5411917,6394,1666234,2989,365,2195,109815,6561873,2889034,3672839,7175134,3501416,3673718,6586648,2910478,3676170,6030508,2490975,3539533,1881683,61394,0,4087431
2026,January,State,CO,Colorado,Total,08,1082378,519595,562783,1011779,3422,1008357,70599,2239,68360,501795,580583,859870,35051,24135,120737,2527,40058,661,15972,53966,254716,282987,224074,136682,71075,31025,11220,125523,87301,38222,956855,22863,41693,9963,7871,5396,37737,986625,426818,559807,1071585,511691,559894,997418,434722,562696,870580,344338,526242,137425,16793,0,716362
2026,January,State,CT,Connecticut,Total,09,779738,341095,438643,716765,3238,713527,62973,1778,61195,351684,428054,596548,60527,19531,63520,536,39076,792,14541,47640,177710,189770,147859,102821,57407,28642,12556,203234,68112,135122,576504,120812,58055,10446,716,3864,9341,708006,269464,438542,778397,339802,438595,709347,270757,438590,656305,311407,344898,209892,1731,0,444682
2026,January,State,DE,Delaware,Total,10,256855,174364,82491,236370,1340,235030,20485,855,19630,115233,141622,189335,44863,5574,8224,126,8733,184,3995,16306,60581,66165,51318,32192,16445,7051,2618,32264,17420,14844,224591,8045,11036,3965,1747,2834,4637,236399,153938,82461,256027,173556,82471,237227,154746,82481,208366,139989,68377,33915,3156,0,171295
2026,January,State,DC,District of Columbia,Total,11,97678,64605,33073,87586,1004,86582,10092,605,9487,42411,55267,27716,58883,2026,5130,36,3887,58,2628,7406,20797,23030,18843,12317,7048,3401,2150,32454,21845,10609,65224,10522,16752,61,23,26,5070,81675,48638,33037,96690,63643,33047,82663,49600,33063,72573,40800,31773,35228,1022,0,36323
2026,January,State,FL,Florida,Total,12,5310338,2297017,3013321,4900409,23168,4877241,409929,14603,395326,2426916,2883422,3592237,567738,107472,877289,4037,161565,3892,78782,327255,1188354,1279752,1064743,726102,397885,175223,68350,911717,428899,482818,4398621,300964,341097,116382,17006,65472,70796,4952643,1940242,3012401,5305575,2292927,3012648,4957406,1944332,3013074,4375625,1544933,2830692,941732,84785,0,3349108
2026,January,State,GA,Georgia,Total,13,2020992,899390,1121602,1801892,13147,1788745,219100,11514,207586,899784,1121208,1268373,578523,60106,62786,1067,50137,1978,41774,175348,477908,493740,390319,244093,125527,52205,18100,380935,155209,225726,1640057,121420,37166,63439,8484,40867,109559,1867985,747129,1120856,2018933,897986,1120947,1870044,748533,1121511,1611548,573157,1038391,397367,49329,0,1164852
2026,January,State,HI,Hawaii,Total,15,315404,147168,168236,298429,2487,295942,16975,1573,15402,147449,167955,93381,3637,154475,24017,318,39576,162,3581,13232,67918,80167,65922,43279,22705,11855,6583,48223,39768,8455,267181,951,29506,5083,392,2421,9870,272585,104415,168170,315080,146891,168189,272909,104692,168217,238631,77352,161279,51686,4441,0,182504
2026,January,State,ID,Idaho,Total,16,414150,226454,187696,377935,1145,376790,36215,781,35434,196899,217251,373661,1349,4253,20507,2359,12021,575,8996,26644,93962,105493,83546,52639,27311,11290,3694,51943,28211,23732,362207,11434,18620,7616,2792,4682,6799,385913,198260,187653,413986,226323,187663,386077,198391,187686,321778,154664,167114,53278,4217,0,264283
2026,January,State,IL,Illinois,Total,17,2476824,1399129,1077695,2263689,13604,2250085,213135,8375,204760,1119751,1357073,1776146,317721,91228,212713,971,78045,2313,48191,162631,570145,613537,479393,307127,176498,82394,34595,388878,322061,66817,2087946,21591,195019,28276,20957,16950,106085,2248640,1171167,1077473,2462738,1385136,1077602,2262726,1185160,1077566,2034333,1049523,984810,432685,34142,0,1567506
2026,January,State,IN,Indiana,Total,18,1419180,698804,720376,1261065,6005,1255060,158115,4447,153668,644997,774183,1220410,108465,13901,36258,687,39459,1697,31255,125163,325247,347799,270020,167860,93604,40913,15622,220338,151020,69318,1198842,57590,121751,8391,5654,3337,23615,1321204,600982,720222,1417722,697463,720259,1322662,602323,720339,1188601,559262,629339,240225,19685,0,928691
2026,January,State,IA,Iowa,Total,19,706593,441707,264886,642874,2268,640606,63719,1507,62212,327492,379101,652314,14226,6666,13604,848,18935,980,15649,47090,160830,174210,137806,85012,51055,24421,9540,84061,59636,24425,622532,12456,34232,7614,7180,4355,18224,660622,395768,264854,706019,441155,264864,661196,396320,264876,593556,369053,224503,89004,9895,0,494657
2026,January,State,KS,Kansas,Total,20,607802,404625,203177,552272,2292,549980,55530,1628,53902,279984,327818,523234,29914,9335,27104,2393,15822,820,13341,41369,139074,152873,118358,73202,41131,19788,7846,67865,43056,24809,539937,13276,24772,7676,4739,3857,13545,559473,356338,203135,607195,404046,203149,560080,356917,203163,486078,303823,182255,72905,9328,0,403845
2026,January,State,KY,Kentucky,Total,21,1008222,452154,556068,862082,3933,858149,146140,2769,143371,463791,544431,904507,65999,6900,10708,420,19688,1417,24514,120209,230906,237457,187178,112828,59966,24939,8808,178498,89592,88906,829724,50812,57066,25233,3903,12861,28623,929720,375600,554120,994590,440403,554187,943352,387351,556001,835200,361757,473443,186854,35563,0,612783
2026,January,State,LA,Louisiana,Total,22,965214,413714,551500,840294,6168,834126,124920,4785,120135,440468,524746,624058,280156,11668,27598,998,20736,1161,25216,98543,226322,235016,178318,108419,57992,24791,9436,224779,118308,106471,740435,52819,96558,33924,6597,19728,15153,894768,343402,551366,963475,412047,551428,896507,345069,551438,805854,290376,515478,238080,18081,0,549693
2026,January,State,ME,Maine,Total,23,389655,162357,227298,346167,856,345311,43488,591,42897,181830,207825,366621,1964,2564,2774,870,14862,634,9977,32877,87076,95552,76912,47401,24587,10784,3855,103443,51520,51923,286212,44422,46772,83,29,7418,4719,361266,134451,226815,387675,160843,226832,363246,135965,227281,320816,108996,211820,105869,912,0,214035
2026,January,State,MD,Maryland,Total,24,1190535,900581,289954,1093890,7434,1086456,96645,4376,92269,525975,664560,704607,332130,58967,45938,681,48212,1059,23584,72002,276625,293986,233510,152067,83761,38233,15708,151871,87308,64563,1038664,38548,79290,16656,141,9359,7877,1021330,731469,289861,1188479,898595,289884,1023386,733455,289931,853089,612682,240407,163442,23005,0,666642
2026,January,State,MA,Massachusetts,Total,25,1508657,972056,536601,1362568,5129,1357439,146089,2534,143555,679228,829429,1185373,73574,60766,107649,811,80484,1630,35551,108908,336599,363120,292058,192293,105406,51553,21539,370587,287947,82640,1138070,69164,236383,8878,2543,4598,49021,1357229,820741,536488,1504774,968225,536549,1361112,824572,536540,1252366,750584,501782,387373,5685,0,859308
2026,January,State,MI,Michigan,Total,26,2316048,853114,1462934,2058689,10235,2048454,257359,7087,250272,1061235,1254813,1882746,265349,35826,50672,5547,75908,2917,54776,199666,531296,567776,440121,274950,150508,67657,26381,336383,276535,59848,1979665,8949,228509,31815,10132,19084,37894,2173503,710822,1462681,2315267,852500,1462767,2174284,711436,1462848,1975721,936173,1039548,357211,41175,0,1577335
2026,January,State,MN,Minnesota,Total,27,1199589,522603,676986,1099950,3780,1096170,99639,2572,97067,558701,640888,1068481,38334,25498,18682,6500,42094,1336,26211,72092,277787,298582,234186,147634,85994,40347,15420,137670,124720,12950,1061919,1974,75721,7056,11763,3920,37236,1115248,438329,676919,1198430,521474,676956,1116407,439458,676949,994679,433026,561653,147825,14672,0,832182
2026,January,State,MS,Mississippi,Total,28,656293,362014,294279,560565,4474,556091,95728,4354,91374,296587,359706,419215,217039,4383,6282,972,8402,1065,16573,78090,151967,155311,120240,72318,38903,16156,5670,160506,72671,87835,495787,50697,47175,23250,101,13888,25395,612231,318013,294218,655965,361732,294233,612559,318295,294264,520751,248481,272270,164865,17478,0,338408
2026,January,State,MO,Missouri,Total,29,1367659,626311,741348,1209181,5689,1203492,158478,4324,154154,624649,743010,1171615,127175,14009,21708,1895,31257,2104,33766,122608,315606,328430,255950,163527,90538,40408,14722,184950,141281,43669,1182709,16563,93637,18031,13232,9075,34412,1269662,528429,741233,1366662,625375,741287,1270659,529365,741294,1131426,476962,654464,202464,31841,0,897121
2026,January,State,MT,Montana,Total,30,271171,190668,80503,250603,668,249935,20568,454,20114,130619,140552,248811,689,1451,4182,7175,8863,246,4726,15596,62368,71107,55669,33491,17664,7565,2739,24460,15498,8962,246711,4743,10923,2791,1131,1428,3444,250897,170425,80472,270858,190381,80477,251210,170712,80498,206814,134129,72685,27140,5117,0,174557
2026,January,State,NE,Nebraska,Total,31,397485,261874,135611,362974,1266,361708,34511,1047,33464,183670,213815,349898,13619,4155,15255,1649,12909,515,8878,25118,90616,99971,78829,47674,27312,13367,5205,43791,37694,6097,353694,465,27657,3216,164,2416,9873,365332,229755,135577,397106,261518,135588,365711,230111,135600,319113,197452,121661,46421,5785,0,266907
2026,January,State,NV,Nevada,Total,32,626553,301874,324679,577851,2990,574861,48702,2371,46331,295936,330617,407567,54133,51464,87325,3018,23046,429,9553,38720,145902,159773,128613,81702,40774,15942,5145,82719,30894,51825,543834,31307,23719,12978,1484,7540,5691,562294,237727,324567,623600,299001,324599,565247,240600,324647,482268,176618,305650,89597,11584,0,381087
2026,January,State,NH,New Hampshire,Total,33,358987,247997,110990,322446,843,321603,36541,463,36078,167711,191276,332154,2237,3618,5600,176,15202,518,9734,26289,85012,89128,69030,43289,22303,9966,3718,30978,19219,11759,328009,6266,9174,3619,1436,1874,8609,321972,210994,110978,358873,247891,110982,322086,211100,110986,272616,172939,99677,33978,6049,0,232589
2026,January,State,NJ,New Jersey,Total,34,1831037,1077625,753412,1688970,10561,1678409,142067,5613,136454,818837,1012200,1216569,204751,119001,217986,823,71907,1626,30108,110333,429478,447915,349536,235727,133884,64306,28124,232766,199217,33549,1598271,8877,176666,15735,142,8937,22409,1622836,869621,753215,1817135,1063838,753297,1636738,883408,753330,1472457,927893,544564,243884,45549,0,1183024
2026,January,State,NM,New Mexico,Total,35,474767,235269,239498,426586,2219,424367,48181,1773,46408,220067,254700,261843,8287,5252,161700,23266,14419,486,9970,37725,106206,117927,95930,58088,30548,13172,4715,105908,58416,47492,368859,31776,30727,8846,3436,6870,24253,432892,193499,239393,469878,230459,239419,437781,198309,239472,373945,147055,226890,111138,6644,0,256163
2026,January,State,NY,New York,Total,36,4033268,1900864,2132404,3654061,20885,3633176,379207,10688,368519,1809361,2223907,2535805,498317,294520,492845,7226,204555,3652,77915,297640,913709,967802,769454,502162,292054,143482,65398,1164570,1018754,145816,2868698,85770,803813,609,210,59437,214731,3682883,1550863,2132020,4024593,1892336,2132257,3691558,1559391,2132167,3356699,1388383,1968316,1229117,33807,0,2093775
2026,January,State,NC,North Carolina,Total,37,2312489,978926,1333563,2065454,11960,2053494,247035,9109,237926,1032419,1280070,1686029,457719,34923,60973,10082,62763,2450,46870,197715,528382,561035,452504,287551,149319,64479,22184,356637,265427,91210,1955852,12800,211562,51059,9471,27351,44394,2165560,832261,1333299,2310641,977264,1333377,2167408,833923,1333485,1889677,829948,1059729,368587,63750,0,1457340
2026,January,State,ND,North Dakota,Total,38,153307,99187,54120,140905,504,140401,12402,381,12021,73033,80274,141591,1160,757,1669,3873,4257,185,3334,8883,36015,39454,29191,17904,10498,5540,2303,14639,11473,3166,138668,1189,7123,1323,1254,654,3096,141014,86905,54109,153124,99011,54113,141197,87081,54116,120127,88620,31507,16153,1752,0,102222
2026,January,State,OH,Ohio,Total,39,2605564,1132830,1472734,2330956,11772,2319184,274608,7653,266955,1182845,1422719,2169556,264206,29617,43071,1072,98042,3064,60013,211531,592678,638981,505623,308098,175776,79083,30717,398837,265080,133757,2206727,69144,160878,42314,22769,22299,81433,2412506,948828,1463678,2594156,1130307,1463849,2423914,951351,1472563,2204381,981658,1222723,419694,44390,0,1740297
2026,January,State,OK,Oklahoma,Total,40,828507,478268,350239,725771,3697,722074,102736,3130,99606,380386,448121,671041,55055,11256,29442,43765,17948,1135,20583,81018,191410,200359,153484,97164,52624,22822,7908,118444,97361,21083,710063,516,75383,13440,7806,7127,14172,754131,403972,350159,828204,478024,350180,754434,404216,350218,620914,307293,313621,127381,23386,0,470147
2026,January,State,OR,Oregon,Total,41,970232,447585,522647,887872,2920,884952,82360,1974,80386,448803,521429,844913,13361,29127,43393,5680,33758,933,19820,61607,202256,245628,205975,128560,66697,28010,10746,168043,95678,72365,802189,38081,61961,21752,7505,12532,26212,897798,375269,522529,969676,447105,522571,898354,375749,522605,796699,298747,497952,175908,8885,0,611906
2026,January,State,PA,Pennsylvania,Total,42,3028416,1384124,1644292,2729231,12687,2716544,299185,7490,291695,1377292,1651124,2518254,257801,60589,104273,985,86514,2911,61345,234929,684996,740684,583039,369418,209555,99778,41761,470523,385450,85073,2557893,9630,293950,47342,22623,28101,68877,2787872,1144012,1643860,3021132,1377055,1644077,2795156,1151081,1644075,2546885,1086277,1460608,490828,64952,0,1991105
2026,January,State,RI,Rhode Island,Total,44,251223,101242,149981,224024,795,223229,27199,483,26716,112728,138495,203305,9665,4338,22059,305,11551,308,6270,20621,57296,60735,47289,30491,16636,7965,3612,44571,37177,7394,206652,1646,24651,3938,22,1810,12504,226395,76436,149959,250951,100981,149970,226667,76697,149970,209204,65338,143866,47766,4705,0,156733
2026,January,State,SC,South Carolina,Total,45,1281443,689789,591654,1147026,6994,1140032,134417,5614,128803,577188,704255,927782,287270,12504,24192,874,28821,1053,23060,110304,292436,314136,255887,160771,79818,32845,11133,176060,144785,31275,1105383,995,110390,18090,8693,12190,25702,1195933,604440,591493,1275791,684266,591525,1201585,609963,591622,1019863,490223,529640,182934,43650,0,793279
2026,January,State,SD,South Dakota,Total,46,205126,132797,72329,189516,686,188830,15610,516,15094,98199,106927,187113,1308,1221,2440,7409,5635,202,3848,11560,48485,53536,40615,24007,13541,6652,2680,19674,11892,7782,185452,4500,8359,2199,1060,1083,2473,188684,116367,72317,205025,132705,72320,188785,116459,72326,156505,112618,43887,21308,2389,0,132808
2026,January,State,TN,Tennessee,Total,47,1525509,711947,813562,1341399,6895,1334504,184110,5454,178656,690379,835130,1251972,200473,15557,23506,968,33033,1859,32435,149816,350786,368981,291264,182543,95208,39395,13222,234327,148613,85714,1291182,42389,116554,42933,12596,392,19463,1414295,600956,813339,1523483,710090,813393,1416321,602813,813508,1234362,482368,751994,244208,40572,0,949582
2026,January,State,TX,Texas,Total,48,4992372,2277426,2714946,4544537,32170,4512367,447835,27997,419838,2291459,2700913,2894789,571169,189783,1219393,5958,111280,4818,98448,344569,1208773,1267856,963144,598946,316728,138965,50125,678738,360106,318632,4313634,201074,294535,82292,13554,35266,52017,4533951,1824708,2709243,4981725,2272168,2709557,4544598,1829966,2714632,3964627,1703952,2260675,740562,187284,0,3036781
2026,January,State,UT,Utah,Total,49,487597,222503,265094,447172,1597,445575,40425,1278,39147,229373,258224,421937,3459,11547,32123,2587,15944,615,11098,28712,111988,126215,96509,61060,32726,14100,4574,34656,32410,2246,452941,1425,20698,452,2946,369,8766,443128,178109,265019,484512,219467,265045,446213,181145,265068,388685,141204,247481,43895,8310,0,336480
2026,January,State,VT,Vermont,Total,50,169791,148173,21618,152694,339,152355,17097,188,16909,79699,90092,157013,904,1267,1353,86,9168,254,4693,12150,37443,42371,33934,21400,10879,4827,1840,30393,18889,11504,139398,9104,16094,125,387,2275,2408,156217,134604,21613,169613,147999,21614,156395,134778,21617,132713,117189,15524,31257,1412,0,100044
2026,January,State,VA,Virginia,Total,51,1748095,1065231,682864,1586129,9139,1576990,161966,5984,155982,788641,959454,1229837,321835,74860,60560,953,60050,1713,34896,125357,402031,427142,341760,222418,119971,52812,19995,202362,136612,65750,1545733,30600,99752,22672,7772,12478,29088,1569726,887027,682699,1743284,1060531,682753,1574537,891727,682810,1292184,686431,605753,221273,43441,0,1027470
2026,January,State,WA,Washington,Total,53,1575781,795310,780471,1450216,5534,1444682,125565,3628,121937,729621,846160,1276291,45351,101091,74302,11697,67049,1356,30120,94089,351375,401482,321128,204296,106922,46859,18154,233207,148053,85154,1342574,57646,139005,12335,560,15173,8488,1433459,653165,780294,1574083,793720,780363,1435157,654755,780402,1239854,495943,743911,242957,14528,0,982369
2026,January,State,WV,West Virginia,Total,54,457775,199084,258691,394315,1835,392480,63460,1015,62445,215977,241798,431515,13536,2023,3193,199,7309,563,10087,52810,100145,108425,89312,51951,28333,11840,4309,82603,44343,38260,375172,21443,31550,10885,2004,5932,10789,427672,169035,258637,457586,198937,258649,427861,169182,258679,359250,184571,174679,86785,14136,0,258329
2026,January,State,WI,Wisconsin,Total,55,1365912,584274,781638,1240080,4956,1235124,125832,3410,122422,637390,728522,1202051,58645,15348,32453,6370,51045,1677,30620,93535,320199,339592,264549,163439,92234,43275,16792,176388,159123,17265,1189524,3884,95964,8468,15705,4913,47454,1286138,504575,781563,1365559,583959,781600,1286491,504890,781601,1091260,455740,635520,184210,11864,0,895186
2026,January,State,WY,Wyoming,Total,56,132418,112124,20294,121957,328,121629,10461,243,10218,64782,67636,119559,765,692,6073,1361,3968,127,2475,7859,31962,35804,26122,15359,8065,3463,1182,11754,6639,5115,120664,2897,3613,1447,597,771,2429,122182,101901,20281,132332,112049,20283,122268,101976,20292,94947,79276,15671,12449,1369,0,81129
2026,January,State,AS,American Samoa,Total,60,4057,3695,362,3197,96,3101,860,88,772,2048,2009,153,13,3409,66,0,416,*,*,764,917,973,682,371,146,56,52,300,215,85,3757,51,174,*,0,*,41,2422,2060,362,4056,3694,362,2423,2061,362,458,118,340,*,*,0,284
2026,January,State,GU,Guam,Total,66,20872,20673,199,19355,349,19006,1517,422,1095,10148,10724,1530,121,10598,5877,*,*,24,263,1230,5420,5451,4110,2243,1301,547,283,123,85,38,20749,25,66,*,0,*,19,14210,14011,199,20766,20567,199,14316,14117,199,3105,2932,173,90,14,0,3001
2026,January,State,MP,Northern Mariana Islands,Total,69,3970,3917,53,3556,92,3464,414,132,282,2071,1899,294,31,2090,1133,*,*,*,*,312,1306,1132,636,283,126,47,26,48,32,16,3922,*,*,*,0,0,*,2582,2529,53,3931,3878,53,2621,2568,53,463,410,53,*,*,0,409
2026,January,State,PR,Puerto Rico,Total,72,783849,108371,675478,674086,4365,669721,109763,2427,107336,357253,426596,3374,181,30,780034,16,214,720,11172,97871,154556,164263,144368,107566,62450,29319,11564,6182,3258,2924,777667,2075,2641,579,50,270,567,703509,28099,675410,783598,108140,675458,703760,28330,675430,682990,12796,670194,11003,2379,0,669608
2026,January,State,VI,Virgin Islands,Total,78,21054,14691,6363,19959,158,19801,1095,78,1017,9688,11366,3166,14633,230,2333,17,675,15,216,864,4460,4956,4394,3568,1660,709,212,383,209,174,20671,133,139,29,*,12,*,18978,12615,6363,20867,14504,6363,19165,12802,6363,11949,11068,881,300,17,0,11632
2026,January,State,UK,Unknown,Unknown,99,*,*,*,*,*,*,*,*,*,*,*,*,*,*,*,*,*,*,*,*,*,*,*,*,*,*,*,*,*,*,*,*,*,*,*,*,*,*,*,*,*,*,*,*,*,*,*,*,*,*,*,*,*
2026,January,State,FO,Foreign and Other Outlying Areas,Total,     ,568146,560368,7778,556582,86,556496,11564,36,11528,267260,300886,289455,15483,72437,152988,939,36844,136,2332,9096,90491,131981,122503,91185,62292,34804,23326,5311,3785,1526,562835,1166,3115,230,14,130,656,56423,48662,7761,567979,560201,7778,56590,48829,7761,13925,7063,6862,3307,463,0,10155
2026,February,National,US,National,Total,     ,70319200,34451455,35867745,63726729,334339,63392390,6592471,230655,6361816,32097159,38222041,49772356,7464627,2963543,7520551,247613,2350510,70885,1378746,5142840,16272233,17248442,13673436,8739135,4784096,2157310,852077,11930989,8535038,3395951,58388211,1844776,6680298,961339,282610,589836,1572130,64191289,28354277,35837012,70130384,34289656,35840728,64380105,28516076,35864029,56937325,25195652,31741673,12669631,1253838,0,43013856
2026,February,State,AL,Alabama,Total,01,1142366,443197,699169,977374,5807,971567,164992,4732,160260,512809,629557,828278,272597,8826,13235,924,18506,1416,28583,134993,262212,267969,209336,130696,68518,28986,9657,221763,83927,137836,920603,74196,59253,41219,4088,22421,20586,1054575,355536,699039,1135759,436684,699075,1061182,362049,699133,913063,355890,557173,228029,31321,0,653713
2026,February,State,AK,Alaska,Total,02,123062,119506,3556,113355,368,112987,9707,368,9339,61466,61596,89975,3150,5670,4142,12512,7613,137,2756,6814,31641,34517,24275,13503,6237,2407,775,18375,17310,1065,104687,116,12244,431,14,518,5052,108457,104902,3555,122563,119007,3556,108956,105401,3555,83446,81241,2205,20270,1005,0,62171
2026,February,State,AZ,Arizona,Total,04,1555491,756723,798768,1438416,6353,1432063,117075,4950,112125,718467,837024,1152500,54613,34781,233597,32064,47936,1258,24345,91472,350479,384759,322852,210477,109657,44736,15456,247802,184799,63003,1307689,7405,152351,34871,3223,20727,29225,1430784,632263,798521,1545463,746888,798575,1440812,642098,798714,1256550,506903,749647,262036,16955,0,977559
2026,February,State,AR,Arkansas,Total,05,692385,366907,325478,588161,2996,585165,104224,2542,101682,317241,375144,565321,91444,5883,16572,2081,11084,1060,19074,84090,155860,158758,125736,80544,43410,17835,6018,129258,65959,63299,563127,30499,51697,21477,4226,11323,10036,644838,319410,325428,692103,366661,325442,645120,319656,325464,553484,250439,303045,136685,21123,0,395676
2026,February,State,CA,California,Total,06,7205796,3514820,3690976,6737138,43737,6693401,468658,24444,444214,3307852,3897944,3661865,442320,1019465,1767661,17058,297427,4718,106396,357544,1680197,1809516,1429570,932325,526746,250815,107969,1782700,1771388,11312,5423096,6251,1662169,2938,354,2123,108865,6587612,2900853,3686759,7181483,3493844,3687639,6611925,2921829,3690096,6053897,2500356,3553541,1887075,61199,0,4105623
2026,February,State,CO,Colorado,Total,08,1083417,518029,565388,1012635,3357,1009278,70782,2234,68548,502249,581168,860191,35090,24214,120938,2530,40454,676,16030,54076,258431,282607,223518,136092,70491,30524,10972,125396,86821,38575,958021,23096,41403,10070,7855,5409,37563,990450,428025,562425,1072640,510130,562510,1001227,435924,565303,874526,345645,528881,138238,16757,0,719531
2026,February,State,CT,Connecticut,Total,09,780074,338505,441569,716896,3164,713732,63178,1768,61410,351829,428245,596287,60555,19603,63643,539,39447,810,14586,47782,180254,189453,147459,102353,56919,28219,12239,203383,67935,135448,576691,121131,58003,10422,701,3895,9231,710216,268749,441467,778757,337236,441521,711533,270018,441515,659534,311714,347820,210492,1738,0,447304
2026,February,State,DE,Delaware,Total,10,256963,173334,83629,236426,1316,235110,20537,855,19682,115224,141739,189308,44898,5580,8253,128,8796,190,4006,16341,61366,66053,51167,32035,16299,6943,2563,32258,17379,14879,224705,8064,11035,3974,1747,2841,4597,237037,153438,83599,256129,172520,83609,237871,154252,83619,209090,139505,69585,34017,3123,0,171950
2026,February,State,DC,District of Columbia,Total,11,97685,64225,33460,87565,990,86575,10120,601,9519,42417,55268,27713,58836,2030,5141,36,3929,61,2635,7424,21039,22977,18812,12268,6996,3357,2116,32575,22061,10514,65110,10432,16539,57,26,25,5496,82093,48670,33423,96695,63261,33434,83083,49634,33449,72856,40700,32156,35358,1032,0,36466
2026,February,State,FL,Florida,Total,12,5313501,2286660,3026841,4902543,22728,4879815,410958,14562,396396,2428055,2885446,3591505,568080,107798,879164,4050,162904,3978,79034,327946,1205005,1277678,1061948,723040,394942,172972,66958,912801,428582,484219,4400700,302471,341334,116311,17158,65437,70090,4970088,1944157,3025931,5308745,2282567,3026178,4974844,1948250,3026594,4390905,1547021,2843884,941368,84275,0,3365262
2026,February,State,GA,Georgia,Total,13,2021855,891707,1130148,1802290,12950,1789340,219565,11499,208066,900166,1121689,1267726,579011,60306,63025,1071,50716,2018,41902,175645,484042,492708,389099,242814,124448,51434,17745,377570,154142,223428,1644285,121029,36520,62507,8306,39892,109316,1873876,744468,1129408,2019796,890297,1129499,1875935,745878,1130057,1620049,573068,1046981,399099,49202,0,1171748
2026,February,State,HI,Hawaii,Total,15,315485,147206,168279,298468,2452,296016,17017,1566,15451,147442,168043,93365,3649,154517,24034,320,39600,162,3591,13264,68843,80064,65771,43113,22534,11709,6434,47914,39511,8403,267571,958,29192,5021,400,2424,9919,273219,105003,168216,315167,146933,168234,273537,105276,168261,238818,77500,161318,51790,4424,0,182604
2026,February,State,ID,Idaho,Total,16,414381,224689,189692,378041,1123,376918,36340,779,35561,196987,217394,373736,1346,4265,20561,2350,12123,582,9029,26729,95178,105308,83322,52410,27085,11134,3604,51908,28140,23768,362473,11463,18601,7634,2766,4671,6773,386843,197192,189651,414220,224560,189660,387004,197321,189683,323983,154947,169036,53462,4219,0,266302
2026,February,State,IL,Illinois,Total,17,2477906,1393260,1084646,2264112,13364,2250748,213794,8331,205463,1120015,1357891,1775843,317677,91436,213144,975,78831,2369,48342,163083,577731,612472,477987,305701,175145,81249,33827,395362,328325,67037,2082544,22727,194645,27638,20834,16672,112846,2255146,1170720,1084426,2463853,1379299,1084554,2269199,1184681,1084518,2042179,1050154,992025,434464,34026,0,1573689
2026,February,State,IN,Indiana,Total,18,1419476,696278,723198,1260891,5889,1255002,158585,4438,154147,645038,774438,1220121,108529,13945,36365,690,39826,1727,31356,125502,329354,347109,269168,166965,92739,40313,15243,219117,150297,68820,1200359,57259,121575,8259,5582,3302,23140,1323310,600266,723044,1418018,694936,723082,1324768,601608,723160,1192245,559946,632299,241165,19596,0,931484
2026,February,State,IA,Iowa,Total,19,706858,440549,266309,642925,2217,640708,63933,1498,62435,327650,379208,652298,14237,6680,13669,848,19126,1004,15700,47229,163120,173864,137406,84548,50593,24068,9326,84077,59633,24444,622781,12514,34188,7591,7178,4339,18267,661808,395530,266278,706258,439971,266287,662408,396108,266300,595967,370038,225929,89311,9875,0,496781
2026,February,State,KS,Kansas,Total,20,607908,404498,203410,552248,2249,549999,55660,1619,54041,280002,327906,523072,29908,9366,27172,2381,16009,837,13378,41445,140959,152589,117960,72795,40781,19508,7656,67777,42903,24874,540131,13263,24876,7655,4639,3956,13388,560656,357287,203369,607296,403913,203383,561268,357872,203396,487313,304829,182484,72994,9171,0,405148
2026,February,State,KY,Kentucky,Total,21,1008149,451017,557132,861592,3853,857739,146557,2760,143797,463756,544393,904068,66039,6910,10765,425,19942,1447,24557,120553,233528,236863,186490,112178,59380,24558,8595,178282,89321,88961,829867,50734,56840,25327,3881,12900,28600,930993,375795,555198,994493,439228,555265,944649,387584,557065,836963,362388,474575,187308,35432,0,614223
2026,February,State,LA,Louisiana,Total,22,965318,411389,553929,840198,6057,834141,125120,4762,120358,440400,524918,623853,280145,11683,27642,1005,20990,1187,25243,98690,229104,234480,177697,107811,57460,24410,9236,223359,116461,106898,741959,53345,95182,33927,6422,19626,14857,897083,343288,553795,963519,409661,553858,898882,345016,553866,808056,290293,517763,238807,18037,0,551212
2026,February,State,ME,Maine,Total,23,389661,161181,228480,346105,845,345260,43556,585,42971,181817,207844,366534,1964,2567,2778,869,14949,643,9994,32919,88118,95361,76709,47152,24401,10614,3750,103692,51234,52458,285969,44710,46627,76,27,7672,4580,361770,133774,227996,387681,159668,228013,363750,135287,228463,322030,109024,213006,106448,883,0,214699
2026,February,State,MD,Maryland,Total,24,1191104,896087,295017,1094285,7310,1086975,96819,4350,92469,526167,664937,704206,332116,59145,46091,681,48865,1077,23628,72114,280459,293507,232862,151325,83096,37698,15338,151489,86840,64649,1039615,38613,78933,16708,138,9328,7769,1025900,730977,294923,1189024,894078,294946,1027980,732986,294994,857296,611572,245724,164874,22959,0,669463
2026,February,State,MA,Massachusetts,Total,25,1509280,970014,539266,1362909,5031,1357878,146371,2512,143859,679365,829915,1184766,73551,60929,107849,811,81374,1663,35659,109049,341224,362592,291355,191447,104510,50754,21027,370657,287081,83576,1138623,70079,235378,8829,3100,4668,48603,1361532,822374,539158,1505931,966713,539218,1364881,825675,539206,1256196,751644,504552,389208,5588,0,861400
2026,February,State,MI,Michigan,Total,26,2316475,847724,1468751,2058467,10030,2048437,258008,7032,250976,1061239,1255236,1882471,265297,35906,50801,5538,76462,2975,54957,200076,537987,566632,438720,273580,149207,66633,25708,335277,275673,59604,1981198,8874,229181,31822,10034,18908,36458,2177024,708530,1468494,2315680,847096,1468584,2177819,709158,1468661,1980826,934757,1046069,359475,41068,0,1580283
2026,February,State,MN,Minnesota,Total,27,1200308,517734,682574,1100388,3719,1096669,99920,2562,97358,559029,641279,1068645,38383,25534,18729,6485,42532,1364,26291,72265,281666,298107,233579,146943,85288,39774,15031,136815,123788,13027,1063493,1976,75828,7138,11364,3913,36596,1118153,435645,682508,1199182,516640,682542,1119279,436739,682540,999162,432260,566902,148434,14736,0,835992
2026,February,State,MS,Mississippi,Total,28,656264,360547,295717,560358,4387,555971,95906,4319,91587,296503,359761,418921,217131,4393,6303,973,8543,1084,16625,78197,153811,154901,119790,71874,38554,15891,5537,160490,72463,88027,495774,50805,47031,23434,92,13788,25340,613131,317475,295656,655941,360269,295672,613454,317753,295701,521653,247896,273757,164803,17474,0,339376
2026,February,State,MO,Missouri,Total,29,1368032,623970,744062,1209065,5589,1203476,158967,4302,154665,624686,743346,1171367,127255,14062,21786,1901,31661,2153,33910,122904,319687,327751,255080,162622,89755,39788,14382,184921,141464,43457,1183111,16288,93796,17999,13154,9170,34514,1272407,528460,743947,1367014,623013,744001,1273425,529417,744008,1134642,477595,657047,203614,31822,0,899206
2026,February,State,MT,Montana,Total,30,271373,190489,80884,250734,656,250078,20639,456,20183,130692,140681,248928,691,1458,4195,7161,8940,253,4736,15650,63218,70996,55524,33335,17520,7467,2674,24376,15399,8977,246997,4768,11007,2791,1133,1418,3259,251616,170763,80853,271112,190254,80858,251877,170998,80879,207451,134429,73022,27348,5103,0,175000
2026,February,State,NE,Nebraska,Total,31,397616,261681,135935,362997,1251,361746,34619,1042,33577,183686,213930,349862,13602,4164,15308,1645,13035,526,8915,25178,91825,99812,78592,47443,27059,13173,5093,43729,37649,6080,353887,444,27626,3183,166,2453,9857,366294,230392,135902,397221,261308,135913,366689,230765,135924,319984,197995,121989,46442,5765,0,267777
2026,February,State,NV,Nevada,Total,32,627082,301387,325695,578215,2944,575271,48867,2369,46498,296069,331013,407443,54202,51615,87609,3019,23194,444,9573,38850,147973,159464,128222,81348,40461,15714,5033,82567,30664,51903,544515,31417,23506,12958,1482,7528,5676,564518,238933,325585,624126,298509,325617,567474,241811,325663,483642,176980,306662,89982,11634,0,382026
2026,February,State,NH,New Hampshire,Total,33,359213,247019,112194,322576,830,321746,36637,459,36178,167822,191391,332166,2240,3641,5612,177,15377,528,9763,26346,86141,88990,68829,43079,22121,9785,3631,30696,18982,11714,328517,6249,9142,3588,1419,1877,8421,322893,210713,112180,359097,246912,112185,323009,210820,112189,274887,173987,100900,34110,6038,0,234739
2026,February,State,NJ,New Jersey,Total,34,1832246,1075494,756752,1689750,10348,1679402,142496,5581,136915,819429,1012817,1216204,204746,119294,218481,828,72693,1654,30222,110620,435592,447187,348588,234689,132834,63350,27510,232084,198648,33436,1600162,8964,176248,15532,140,8940,22260,1628809,872253,756556,1818451,1061810,756641,1642604,885937,756667,1477007,928810,548197,244335,45616,0,1187056
2026,February,State,NM,New Mexico,Total,35,474748,234366,240382,426497,2184,424313,48251,1763,46488,220003,254745,261576,8285,5255,161849,23241,14542,487,9989,37775,107512,117687,95649,57799,30279,12965,4606,105864,58670,47194,368884,31554,30992,8746,3537,6894,24141,434254,193978,240276,469873,229572,240301,439129,198772,240357,375040,147192,227848,111520,6575,0,256945
2026,February,State,NY,New York,Total,36,4034767,1886184,2148583,3654459,20509,3633950,380308,10619,369689,1809979,2224788,2534706,498192,295098,493554,7230,205987,3732,78193,298383,926302,966179,767260,499734,289687,141371,63926,1161968,1014572,147396,2872799,87035,803513,573,198,59788,210861,3694107,1545894,2148213,4025789,1877346,2148443,3703085,1554732,2148353,3371696,1387316,1984380,1233483,33545,0,2104668
2026,February,State,NC,North Carolina,Total,37,2313424,976412,1337012,2065648,11759,2053889,247776,9075,238701,1032732,1280692,1685762,457918,35052,61216,10082,63394,2498,47037,198241,535474,559935,451063,286063,147988,63485,21640,355811,264656,91155,1957613,12806,211621,51024,9370,27325,43665,2170557,833807,1336750,2311582,974753,1336829,2172399,835466,1336933,1893251,829864,1063387,369106,63550,0,1460595
2026,February,State,ND,North Dakota,Total,38,153408,99013,54395,140966,493,140473,12442,380,12062,73062,80346,141646,1161,762,1679,3871,4289,185,3346,8911,36502,39391,29130,17816,10409,5464,2254,14578,11338,3240,138830,1224,7107,1354,1199,662,3032,141358,86972,54386,153228,98840,54388,141538,87145,54393,120590,88860,31730,16224,1752,0,102614
2026,February,State,OH,Ohio,Total,39,2605492,1126736,1478756,2330084,11541,2318543,275408,7597,267811,1182690,1422802,2168495,264186,29695,43131,1086,98899,3129,60222,212057,600000,637704,503962,306360,174187,77883,29988,398007,264720,133287,2207485,68945,160157,42116,22781,22226,81782,2416480,946725,1469755,2594113,1124189,1469924,2427859,949272,1478587,2210461,981491,1228970,420136,44383,0,1745942
2026,February,State,OK,Oklahoma,Total,40,828641,477640,351001,725624,3619,722005,103017,3120,99897,380410,448231,670878,55051,11296,29526,43659,18231,1164,20660,81193,193838,199848,152954,96635,52119,22496,7734,117895,97088,20807,710746,485,75238,13334,7814,6988,14036,756016,405094,350922,828336,477394,350942,756321,405340,350981,623609,309184,314425,127368,23400,0,472841
2026,February,State,OR,Oregon,Total,41,970254,447363,522891,887728,2879,884849,82526,1963,80563,448792,521462,844511,13357,29197,43515,5671,34003,954,19864,61708,204815,245166,205401,128042,66181,27626,10497,167355,94154,73201,802899,38626,61353,21932,7375,12643,25426,899832,377061,522771,969701,446888,522813,900385,377536,522849,798991,300818,498173,176389,8832,0,613770
2026,February,State,PA,Pennsylvania,Total,42,3028636,1379784,1648852,2728503,12435,2716068,300133,7441,292692,1377290,1651346,2517472,257654,60710,104488,991,87321,2962,61540,235631,693682,739286,581230,367500,207777,98188,40840,469780,384755,85025,2558856,9571,293863,47352,22593,28102,68299,2793009,1144579,1648430,3021133,1372492,1648641,2800512,1151871,1648641,2552496,1087219,1465277,492135,64789,0,1995572
2026,February,State,RI,Rhode Island,Total,44,251292,101076,150216,224010,781,223229,27282,477,26805,112718,138574,203224,9665,4347,22097,304,11655,312,6295,20675,58062,60630,47148,30320,16482,7846,3522,44357,37078,7279,206935,5218,24509,645,23,1416,12546,226920,76727,150193,251022,100818,150204,227190,76985,150205,209481,65382,144099,47877,4667,0,156937
2026,February,State,SC,South Carolina,Total,45,1281957,685959,595998,1147215,6878,1140337,134742,5589,129153,577259,704698,927771,287338,12536,24285,877,29150,1077,23106,110559,296255,313506,255110,159989,79089,32376,10890,175115,144071,31044,1106842,972,110035,17990,8664,12082,25372,1198665,602826,595839,1276324,680454,595870,1204298,608331,595967,1024221,490204,534017,182752,43742,0,797727
2026,February,State,SD,South Dakota,Total,46,205365,132245,73120,189689,673,189016,15676,516,15160,98349,107016,187273,1310,1225,2455,7406,5696,206,3858,11612,49178,53457,40524,23904,13431,6576,2619,19704,11939,7765,185661,4486,8372,2178,1085,1101,2482,189150,116041,73109,205255,132144,73111,189260,116142,73118,157398,112954,44444,21458,2357,0,133583
2026,February,State,TN,Tennessee,Total,47,1525443,709727,815716,1340894,6752,1334142,184549,5422,179127,690290,835153,1251248,200590,15593,23583,973,33456,1927,32539,150083,355023,368146,290257,181504,94281,38781,12902,233425,147814,85611,1292018,42122,115993,43114,12593,375,19228,1417009,601516,815493,1523454,707907,815547,1418998,603336,815662,1236706,482531,754175,245088,40378,0,951240
2026,February,State,TX,Texas,Total,48,4995953,2270141,2725812,4547237,31578,4515659,448716,27902,420814,2292764,2703189,2893617,571525,190291,1221786,5965,112769,4902,98670,345144,1225183,1265516,960239,596074,314107,137019,49099,675871,357679,318192,4320082,200625,292922,82306,13558,35261,51199,4556835,1836711,2720124,4985243,2264806,2720437,4567545,1842046,2725499,3983761,1712278,2271483,742442,187253,0,3054066
2026,February,State,UT,Utah,Total,49,487886,221341,266545,447342,1570,445772,40544,1286,39258,229479,258407,421934,3461,11586,32217,2582,16106,634,11122,28788,113527,126014,96245,60779,32456,13863,4458,34244,32034,2210,453642,1444,20562,426,2808,340,8664,444779,178308,266471,484806,218309,266497,447859,181340,266519,390381,141408,248973,44096,8329,0,337956
2026,February,State,VT,Vermont,Total,50,169886,148161,21725,152754,331,152423,17132,188,16944,79779,90107,157007,905,1271,1359,88,9256,257,4709,12166,37953,42303,33847,21315,10796,4754,1786,30804,18803,12001,139082,9332,16257,60,290,2609,2256,156490,134770,21720,169704,147983,21721,156672,134948,21724,133888,118219,15669,31858,1329,0,100701
2026,February,State,VA,Virginia,Total,51,1748881,1061201,687680,1586381,8965,1577416,162500,5959,156541,788894,959987,1229475,321913,75081,60765,956,60691,1746,35042,125712,407653,426337,340682,221283,118907,52023,19496,201747,136162,65585,1547134,30489,99437,22643,7768,12453,28957,1574788,887272,687516,1744099,1056529,687570,1579570,891944,687626,1298336,687715,610621,222067,43371,0,1032898
2026,February,State,WA,Washington,Total,53,1576759,793726,783033,1450959,5439,1445520,125800,3611,122189,729981,846778,1276193,45399,101325,74479,11663,67700,1378,30214,94208,356211,400901,320328,203417,106118,46241,17743,233612,147934,85678,1343147,58017,139105,12368,561,15293,8268,1437953,655096,782857,1575055,792129,782926,1439657,656693,782964,1243870,497236,746634,244716,14317,0,984837
2026,February,State,WV,West Virginia,Total,54,457513,198581,258932,393894,1791,392103,63619,1009,62610,215830,241683,431180,13530,2019,3199,199,7386,575,10106,52938,101227,108133,88987,51630,28063,11649,4205,82493,44220,38273,375020,21403,31509,10913,2020,5957,10691,428112,169234,258878,457328,198438,258890,428297,169377,258920,359394,184220,175174,87152,14050,0,258192
2026,February,State,WI,Wisconsin,Total,55,1366955,582983,783972,1240831,4854,1235977,126124,3392,122732,637816,729139,1202596,58639,15382,32564,6361,51413,1714,30681,93729,324778,339033,263827,162706,91424,42667,16396,176030,158618,17412,1190925,3862,96270,8572,16060,4978,46288,1288760,504863,783897,1366602,582668,783934,1289113,505178,783935,1096343,458154,638189,185200,11806,0,899337
2026,February,State,WY,Wyoming,Total,56,132486,111917,20569,122002,322,121680,10484,245,10239,64785,67701,119578,762,699,6093,1355,3999,127,2485,7872,32389,35729,26049,15281,7993,3411,1150,11729,6608,5121,120757,2914,3626,1456,604,751,2378,122512,101956,20556,132401,111843,20558,122597,102030,20567,95579,79595,15984,12540,1360,0,81679
2026,February,State,AS,American Samoa,Total,60,4046,3683,363,3187,92,3095,859,88,771,2042,2004,153,12,3400,66,0,415,*,*,763,917,970,679,368,145,56,52,297,211,86,3749,52,168,*,0,*,43,2420,2057,363,4045,3682,363,2421,2058,363,459,118,341,*,*,0,283
2026,February,State,GU,Guam,Total,66,20904,20704,200,19378,340,19038,1526,423,1103,10153,10751,1534,121,10613,5890,*,*,24,264,1238,5489,5440,4095,2237,1293,542,282,124,86,38,20780,25,67,*,0,*,19,14366,14166,200,20798,20598,200,14472,14272,200,3121,2948,173,90,12,0,3019
2026,February,State,MP,Northern Mariana Islands,Total,69,3978,3925,53,3560,92,3468,418,133,285,2079,1899,294,31,2089,1138,*,*,*,*,316,1318,1131,632,283,124,46,26,48,31,17,3930,*,*,*,0,0,*,2625,2572,53,3938,3885,53,2665,2612,53,459,406,53,*,*,0,406
2026,February,State,PR,Puerto Rico,Total,72,783649,106705,676944,673559,4287,669272,110090,2423,107667,357078,426571,3367,180,30,779842,16,214,727,11214,98149,156181,163998,143961,107117,61980,28962,11360,6023,3104,2919,777626,2103,2502,550,43,266,559,704912,28036,676876,783383,106459,676924,705178,28282,676896,684288,12697,671591,11031,2353,0,670904
2026,February,State,VI,Virgin Islands,Total,78,21065,14697,6368,19967,154,19813,1098,77,1021,9689,11376,3169,14632,231,2336,17,680,15,217,866,4531,4945,4384,3552,1652,701,202,385,209,176,20680,134,137,29,*,13,*,19070,12702,6368,20877,14509,6368,19258,12890,6368,11972,11089,883,308,15,0,11649
2026,February,State,UK,Unknown,Unknown,99,*,*,*,*,*,*,*,*,*,*,*,*,*,*,*,*,*,*,*,*,*,*,*,*,*,*,*,*,*,*,*,*,*,*,*,*,*,*,*,*,*,*,*,*,*,*,*,*,*,*,*,*,*
2026,February,State,FO,Foreign and Other Outlying Areas,Total,     ,567702,560084,7618,556124,86,556038,11578,37,11541,266979,300723,288913,15469,72424,153049,938,36909,139,2338,9101,91588,131844,122300,90886,61915,34474,23117,5139,3626,1513,562563,1157,2953,225,14,131,659,56471,48870,7601,567530,559912,7618,56643,49042,7601,13667,6960,6707,3249,454,0,9964
2026,March,National,US,National,Total,     ,70401856,34478861,35922995,63788250,328818,63459432,6613606,230083,6383523,32132013,38269843,49788326,7470263,2970774,7539000,247432,2386061,72929,1383731,5156946,16510605,17220830,13638348,8702342,4749478,2130650,835997,11904537,8506511,3398026,58497319,1845614,6669531,959884,280415,592528,1556565,64281402,28388941,35892461,70213441,34317387,35896054,64469817,28550415,35919402,57012203,25216290,31795913,12709894,1250490,0,43051819
2026,March,State,AL,Alabama,Total,01,1142735,442891,699844,977425,5682,971743,165310,4722,160588,512858,629877,828086,272661,8846,13285,920,18937,1451,28641,135218,265472,267379,208622,129966,67915,28602,9469,221823,83461,138362,920912,74527,58754,41425,4088,22410,20619,1055100,355383,699717,1136163,436411,699752,1061672,361863,699809,913303,355432,557871,228440,31284,0,653579
2026,March,State,AK,Alaska,Total,02,123366,119808,3558,113618,365,113253,9748,372,9376,61618,61748,90112,3157,5688,4168,12497,7744,137,2768,6843,32133,34466,24223,13455,6199,2381,761,18409,17351,1058,104957,114,12246,417,15,527,5090,108730,105173,3557,122853,119295,3558,109243,105686,3557,83631,81435,2196,20464,991,0,62176
2026,March,State,AZ,Arizona,Total,04,1557328,758082,799246,1439952,6250,1433702,117376,4935,112441,719096,838232,1152709,54667,34898,234320,32061,48673,1288,24433,91655,355773,384177,322075,209642,108949,44180,15156,247699,184617,63082,1309629,7262,152432,35015,3112,20805,29073,1432945,633939,799006,1547337,748282,799055,1442936,643739,799197,1257988,507920,750068,263133,16921,0,977934
2026,March,State,AR,Arkansas,Total,05,692712,367612,325100,588221,2941,585280,104491,2538,101953,317348,375364,565277,91519,5898,16646,2077,11295,1082,19117,84292,157753,158419,125361,80124,43055,17609,5900,128922,65722,63200,563790,30450,51520,21395,4219,11355,9983,645252,320201,325051,692422,367359,325063,645542,320454,325088,553114,250440,302674,136788,20950,0,395376
2026,March,State,CA,California,Total,06,7216728,3517488,3699240,6746575,43092,6703483,470153,24408,445745,3312622,3904106,3662203,442617,1021731,1772475,17032,300670,4860,106811,358482,1706448,1807170,1426519,929009,523441,247995,105993,1779362,1768456,10906,5437366,6042,1659608,2785,338,2079,108510,6600128,2905073,3695055,7192693,3496787,3695906,6624163,2925774,3698389,6069904,2508059,3561845,1893261,60949,0,4115694
2026,March,State,CO,Colorado,Total,08,1085247,518645,566602,1014255,3320,1010935,70992,2240,68752,503035,582212,860936,35115,24288,121227,2527,41154,695,16084,54213,262519,282213,223046,135576,69998,30170,10733,124582,85992,38590,960665,23189,41177,10048,7794,5353,37021,992453,428796,563657,1074515,510779,563736,1003185,436662,566523,876853,346789,530064,139165,16722,0,720966
2026,March,State,CT,Connecticut,Total,09,781285,338261,443024,717813,3118,714695,63472,1768,61704,352426,428859,596557,60626,19641,63833,539,40089,832,14683,47957,183088,189211,147146,101968,56535,27877,11988,203644,68147,135497,577641,120292,58012,10710,791,4495,9344,711305,268384,442921,779966,336990,442976,712624,269655,442969,660998,311878,349120,211227,1732,0,448039
2026,March,State,DE,Delaware,Total,10,257325,173607,83718,236717,1302,235415,20608,857,19751,115315,142010,189420,44959,5611,8282,129,8924,196,4028,16384,62282,65948,51051,31874,16185,6854,2523,32332,17388,14944,224993,8127,11029,3961,1743,2856,4616,237367,153678,83689,256485,172786,83699,238207,154499,83708,209174,139466,69708,33907,3120,0,172147
2026,March,State,DC,District of Columbia,Total,11,97717,64045,33672,87579,978,86601,10138,601,9537,42418,55299,27710,58789,2037,5153,36,3992,64,2634,7440,21294,22934,18765,12215,6957,3320,2094,33444,21540,11904,64273,11820,19276,59,24,25,2240,82213,48575,33638,96756,63110,33646,83174,49510,33664,73086,40709,32377,35859,979,0,36248
2026,March,State,FL,Florida,Total,12,5319592,2291459,3028133,4907260,22338,4884922,412332,14542,397790,2430506,2889086,3592224,568717,108096,881418,4061,165076,4089,79334,328909,1223157,1275815,1059340,720095,392265,170888,65700,913846,427973,485873,4405746,304238,341029,116300,17136,65335,69808,4977025,1949784,3027241,5314886,2287412,3027474,4981731,1953831,3027900,4393587,1548843,2844744,941740,83344,0,3368503
2026,March,State,GA,Georgia,Total,13,2024284,892111,1132173,1804192,12759,1791433,220092,11465,208627,901150,1123134,1268049,579719,60533,63305,1075,51603,2068,42035,175989,490972,491818,387951,241754,123495,50780,17422,377713,153553,224160,1646571,121403,36251,62383,8253,40374,109049,1876670,745238,1131432,2022243,890718,1131525,1878711,746631,1132080,1622351,573434,1048917,400414,49123,0,1172814
2026,March,State,HI,Hawaii,Total,15,315913,147376,168537,298846,2430,296416,17067,1563,15504,147656,168257,93423,3654,154681,24089,321,39745,170,3607,13290,69943,79968,65649,42971,22390,11593,6332,47528,38917,8611,268385,957,28537,5096,399,2558,9981,273610,105135,168475,315585,147093,168492,273938,105418,168520,238977,77421,161556,51893,4396,0,182688
2026,March,State,ID,Idaho,Total,16,415061,224788,190273,378572,1103,377469,36489,779,35710,197258,217803,374124,1350,4271,20646,2345,12325,596,9072,26821,96608,105171,83153,52194,26907,10997,3542,52044,28224,23820,363017,11502,18665,7600,2767,4718,6792,387581,197349,190232,414907,224666,190241,387735,197471,190264,324656,155096,169560,53651,4180,0,266825
2026,March,State,IL,Illinois,Total,17,2480913,1393916,1086997,2266425,13164,2253261,214488,8314,206174,1121270,1359643,1776550,317832,91628,213763,979,80161,2449,48485,163554,586351,611532,476796,304421,173912,80233,33180,383953,317306,66647,2096960,24657,193015,26636,18169,15354,106122,2258569,1171790,1086779,2466905,1380002,1086903,2272577,1185704,1086873,2045207,1050751,994456,434849,34172,0,1576186
2026,March,State,IN,Indiana,Total,18,1420653,696768,723885,1261502,5769,1255733,159151,4443,154708,645519,775134,1220341,108653,13988,36478,691,40502,1782,31481,125888,333832,346432,268393,166148,91990,39789,14918,218220,149650,68570,1202433,57085,121340,8167,5558,3318,22752,1324559,600825,723734,1419199,695430,723769,1326013,602163,723850,1192315,559187,633128,241991,19462,0,930862
2026,March,State,IA,Iowa,Total,19,707650,440834,266816,643458,2174,641284,64192,1491,62701,328005,379645,652689,14258,6700,13715,845,19443,1028,15767,47397,165605,173591,137031,84147,50223,23753,9108,84173,59675,24498,623477,12516,34207,7632,7161,4350,18307,662527,395742,266785,707043,440248,266795,663134,396328,266806,596744,370292,226452,89740,9810,0,497194
2026,March,State,KS,Kansas,Total,20,608385,404972,203413,552591,2202,550389,55794,1615,54179,280177,328208,523138,29908,9384,27251,2375,16329,857,13415,41522,142951,152322,117640,72461,40456,19266,7495,67635,42682,24953,540750,13382,24808,7632,4618,3939,13256,561217,357843,203374,607776,404389,203387,561826,358426,203400,487677,305184,182493,72935,9138,0,405604
2026,March,State,KY,Kentucky,Total,21,1008793,451208,557585,861738,3755,857983,147055,2745,144310,463960,544833,904210,66076,6932,10821,424,20330,1481,24649,120925,236448,236355,185862,111607,58846,24201,8419,178055,89001,89054,830738,50770,56527,25356,3900,12928,28574,931671,376013,555658,995115,439392,555723,945349,387829,557520,836950,361881,475069,187885,35451,0,613614
2026,March,State,LA,Louisiana,Total,22,965829,411413,554416,840416,5957,834459,125413,4761,120652,440662,525167,623853,280188,11703,27713,1007,21365,1216,25292,98905,231832,233977,177167,107290,57011,24077,9062,223594,116082,107512,742235,53905,95023,33938,6418,19669,14641,897786,343506,554280,963980,409637,554343,899635,345282,554353,808190,290025,518165,239496,17981,0,550713
2026,March,State,ME,Maine,Total,23,390029,160999,229030,346366,829,345537,43663,579,43084,181894,208135,366679,1965,2570,2793,870,15152,661,10038,32964,89372,95219,76510,46938,24208,10453,3666,103914,50999,52915,286115,44981,46444,65,26,7869,4529,362126,133582,228544,388056,159495,228561,364099,135086,229013,322651,109083,213568,106963,858,0,214830
2026,March,State,MD,Maryland,Total,24,1192567,895195,297372,1095498,7213,1088285,97069,4330,92739,526681,665886,704260,332288,59321,46239,681,49778,1106,23697,72266,284606,293088,232263,150770,82530,37217,15024,151398,86491,64907,1041169,38841,78905,16728,135,9338,7451,1027515,730236,297279,1190460,893159,297301,1029622,732272,297350,858917,610715,248202,166142,22871,0,669904
2026,March,State,MA,Massachusetts,Total,25,1511615,971518,540097,1364846,4952,1359894,146769,2507,144262,680414,831201,1185139,73590,61123,108160,814,82789,1715,35809,109245,346707,362135,290723,190748,103813,50135,20585,369806,286402,83404,1141809,69936,235006,8818,3184,4650,48212,1363906,823909,539997,1508592,968537,540055,1366929,826890,540039,1258165,754634,503531,391251,5518,0,861396
2026,March,State,MI,Michigan,Total,26,2318847,847532,1471315,2059877,9877,2050000,258970,6990,251980,1062339,1256508,1883431,265394,36050,50948,5543,77481,3046,55183,200741,545499,565598,437471,272342,148055,65731,25181,334159,274745,59414,1984688,8815,228565,31781,9881,18818,36299,2179598,708535,1471063,2318043,846890,1471153,2180402,709177,1471225,1984026,934960,1049066,361380,40991,0,1581655
2026,March,State,MN,Minnesota,Total,27,1202235,517243,684992,1101888,3654,1098234,100347,2547,97800,560017,642218,1069602,38428,25608,18805,6470,43322,1414,26418,72515,286101,297675,233081,146341,84676,39273,14741,136356,123448,12908,1065879,1970,75910,7056,11193,3882,36345,1120142,435217,684925,1201102,516142,684960,1121275,436318,684957,1000774,431694,569080,149054,14698,0,837022
2026,March,State,MS,Mississippi,Total,28,656662,360592,296070,560528,4319,556209,96134,4294,91840,296580,360082,418853,217333,4414,6337,977,8748,1107,16673,78354,155753,154549,119376,71500,38234,15683,5433,160384,72248,88136,496278,50852,46939,23601,88,13683,25221,613544,317535,296009,656345,360319,296026,613861,317808,296053,521860,247781,274079,164914,17417,0,339529
2026,March,State,MO,Missouri,Total,29,1369191,624557,744634,1209629,5473,1204156,159562,4272,155290,625237,743954,1171665,127297,14104,21842,1904,32379,2234,34040,123288,323975,327119,254338,161914,88973,39219,14091,184814,141420,43394,1184377,16162,93898,18016,13116,9216,34406,1273817,529293,744524,1368184,623608,744576,1274824,530242,744582,1134933,477429,657504,204497,31663,0,898773
2026,March,State,MT,Montana,Total,30,271775,190734,81041,251065,648,250417,20710,456,20254,130882,140893,249179,694,1464,4221,7158,9059,262,4745,15703,64207,70888,55386,33195,17392,7374,2623,24278,15349,8929,247497,4737,10981,2795,1120,1397,3248,252006,170996,81010,271508,190493,81015,252273,171237,81036,207543,134373,73170,27503,5088,0,174952
2026,March,State,NE,Nebraska,Total,31,398117,261968,136149,363354,1226,362128,34763,1039,33724,183935,214182,350052,13604,4171,15364,1644,13282,545,8967,25251,93200,99667,78408,47220,26864,12998,4997,43742,37668,6074,354375,443,27645,3116,162,2515,9861,366799,230683,136116,397718,261591,136127,367198,231060,136138,320399,198246,122153,46518,5766,0,268115
2026,March,State,NV,Nevada,Total,32,627876,301911,325965,578845,2906,575939,49031,2368,46663,296420,331456,407495,54297,51757,87838,3011,23478,455,9606,38970,150116,159208,127865,81026,40147,15532,4951,82390,30507,51883,545486,31405,23340,12945,1488,7533,5679,565503,239641,325862,624917,299030,325887,568462,242522,325940,484187,177271,306916,90389,11558,0,382240
2026,March,State,NH,New Hampshire,Total,33,359789,247245,112544,323058,817,322241,36731,458,36273,168063,191726,332398,2241,3658,5633,177,15682,543,9795,26393,87491,88858,68650,42885,21966,9658,3550,30523,18936,11587,329266,6056,9059,3624,1493,1907,8384,323347,210816,112531,359672,247137,112535,323464,210924,112540,275997,174743,101254,34203,6013,0,235781
2026,March,State,NJ,New Jersey,Total,34,1835141,1076665,758476,1692133,10200,1681933,143008,5564,137444,820844,1014297,1216682,204946,119640,219069,828,73976,1700,30324,110984,442374,446599,347825,233814,131932,62595,26994,231521,198239,33282,1603620,9057,176002,15277,139,8948,22098,1631748,873463,758285,1821465,1063098,758367,1645424,887030,758394,1479368,928552,550816,245091,45740,0,1188537
2026,March,State,NM,New Mexico,Total,35,475243,234633,240610,426864,2148,424716,48379,1759,46620,220157,255086,261495,8296,5282,162215,23223,14732,494,10019,37866,109040,117482,95403,57558,30049,12809,4523,105401,58581,46820,369842,31365,31158,8602,3524,6853,23899,434823,194320,240503,470348,229820,240528,439718,199133,240585,375427,147313,228114,111711,6550,0,257166
2026,March,State,NY,New York,Total,36,4040019,1884425,2155594,3658353,20189,3638164,381666,10577,371089,1812351,2227668,2535616,498520,295788,494630,7243,208222,3843,78479,299344,940005,964839,765457,497827,287710,139693,62822,1162273,1012119,150154,2877746,88882,802354,551,193,60721,209572,3699850,1544634,2155216,4030997,1875553,2155444,3708872,1553506,2155366,3378719,1387407,1991312,1238046,33274,0,2107399
2026,March,State,NC,North Carolina,Total,37,2316365,978150,1338215,2067599,11556,2056043,248766,9068,239698,1033903,1282462,1686808,458272,35181,61507,10114,64483,2582,47269,198915,543369,558908,449781,284784,146870,62665,21222,355900,264560,91340,1960465,12804,211790,51059,9355,27477,43415,2173408,835449,1337959,2314434,976397,1338037,2175339,837202,1338137,1894729,829998,1064731,370376,63438,0,1460915
2026,March,State,ND,North Dakota,Total,38,153666,99165,54501,141192,482,140710,12474,377,12097,73187,80479,141821,1162,766,1689,3858,4370,192,3351,8931,37103,39349,29050,17743,10338,5397,2212,14567,11380,3187,139099,1196,7144,1316,1221,675,3015,141629,87138,54491,153488,98995,54493,141807,87308,54499,120737,88937,31800,16287,1737,0,102713
2026,March,State,OH,Ohio,Total,39,2608047,1127436,1480611,2331508,11333,2320175,276539,7579,268960,1183769,1424278,2169243,264411,29768,43285,1092,100248,3235,60460,212844,608432,636584,502571,304947,172732,76850,29392,397908,265637,132271,2210139,66530,158962,42917,23135,22824,83540,2418959,947326,1471633,2596646,1124847,1471799,2430360,949915,1480445,2212736,981835,1230901,420771,44248,0,1747717
2026,March,State,OK,Oklahoma,Total,40,829236,478584,350652,725838,3540,722298,103398,3109,100289,380635,448601,670894,55119,11339,29663,43541,18680,1204,20728,81466,196407,199412,152467,96062,51694,22211,7585,117481,96921,20560,711755,470,75056,13216,7813,6874,14052,756646,406070,350576,828928,478335,350593,756954,406319,350635,624117,310029,314088,127349,23377,0,473391
2026,March,State,OR,Oregon,Total,41,970997,447978,523019,888184,2827,885357,82813,1959,80854,449091,521906,844582,13354,29260,43661,5669,34471,983,19921,61909,207753,244811,204903,127489,65679,27270,10279,166891,92924,73967,804106,39071,61045,22095,7283,12801,24596,900670,377771,522899,970447,447506,522941,901220,378243,522977,799862,301542,498320,176806,8799,0,614257
2026,March,State,PA,Pennsylvania,Total,42,3031420,1380927,1650493,2730162,12216,2717946,301258,7424,293834,1378589,1652831,2518129,257780,60859,104725,999,88928,3052,61823,236383,703456,738085,579688,365854,206173,96884,40022,468299,383565,84734,2563121,9533,293081,47210,22656,27991,67828,2795814,1145739,1650075,3023713,1373434,1650279,2803521,1153232,1650289,2554008,1086964,1467044,494456,64954,0,1994598
2026,March,State,RI,Rhode Island,Total,44,251741,101369,150372,224317,768,223549,27424,475,26949,112893,138848,203408,9680,4363,22145,304,11841,322,6337,20765,58954,60547,47025,30210,16376,7755,3450,44344,37035,7309,207397,5384,24396,468,22,1457,12617,227321,76974,150347,251476,101116,150360,227586,77227,150359,209590,65523,144067,48108,4642,0,156840
2026,March,State,SC,South Carolina,Total,45,1283351,687229,596122,1148252,6749,1141503,135099,5578,129521,577741,705610,928253,287561,12569,24407,880,29681,1100,23203,110796,300567,312915,254393,159290,78475,31954,10658,174389,143624,30765,1108962,954,109798,17867,8694,11944,25132,1200272,604306,595966,1277715,681719,595996,1205908,609816,596092,1024614,490471,534143,182445,43670,0,798499
2026,March,State,SD,South Dakota,Total,46,205719,132274,73445,189978,664,189314,15741,509,15232,98534,107185,187489,1315,1226,2463,7406,5820,219,3870,11652,49957,53383,40431,23803,13346,6498,2560,19150,11936,7214,186569,3971,8347,2115,1095,1128,2494,189446,116012,73434,205617,132181,73436,189548,116105,73443,157665,113033,44632,21670,2315,0,133680
2026,March,State,TN,Tennessee,Total,47,1526708,710693,816015,1341628,6616,1335012,185080,5393,179687,690731,835977,1251545,200741,15623,23687,977,34135,1984,32652,150444,360000,367373,289288,180593,93520,38218,12636,233083,147447,85636,1293625,42307,115913,42968,12586,361,18948,1418410,602615,815795,1524738,708891,815847,1420380,604417,815963,1237417,482875,754542,245922,40202,0,951293
2026,March,State,TX,Texas,Total,48,5002489,2274038,2728451,4552837,31040,4521797,449652,27860,421792,2295388,2707101,2893752,572057,190901,1224693,5957,115129,5022,98884,345746,1243003,1263440,957632,593475,311790,135344,48153,671491,356858,314633,4330998,196986,291647,82038,13464,35609,51747,4564851,1842054,2722797,4991598,2268498,2723100,4575742,1847594,2728148,3988414,1714577,2273837,743546,187598,0,3057270
2026,March,State,UT,Utah,Total,49,488628,221285,267343,447951,1549,446402,40677,1285,39392,229811,258817,422224,3469,11601,32322,2579,16433,653,11149,28875,115334,125825,96012,60523,32201,13689,4367,34335,32215,2120,454293,1379,20307,446,3125,295,8783,445647,178377,267270,485577,218281,267296,448698,181381,267317,391056,141285,249771,44349,8318,0,338389
2026,March,State,VT,Vermont,Total,50,170128,148401,21727,152944,323,152621,17184,188,16996,79860,90268,157116,904,1274,1360,88,9386,262,4739,12183,38549,42246,33776,21231,10706,4691,1745,31143,18737,12406,138985,9526,16334,50,261,2830,2142,156657,134935,21722,169945,148222,21723,156840,135114,21726,134331,118633,15698,32312,1300,0,100719
2026,March,State,VA,Virginia,Total,51,1750992,1061526,689466,1587917,8820,1579097,163075,5937,157138,789800,961192,1229784,322195,75271,60982,957,61803,1807,35163,126105,413677,425600,339803,220320,117994,51396,19127,201615,136161,65454,1549377,30408,99402,22589,7814,12457,28945,1577078,887777,689301,1746232,1056877,689355,1581838,892426,689412,1299905,687538,612367,222998,43161,0,1033746
2026,March,State,WA,Washington,Total,53,1579018,794503,784515,1452821,5366,1447455,126197,3606,122591,730985,848033,1276869,45427,101635,74744,11645,68698,1421,30325,94451,361697,400343,319608,202645,105393,45725,17410,234258,148416,85842,1344760,57985,139511,12367,564,15490,8341,1440316,655979,784337,1577316,792909,784407,1442018,657573,784445,1246414,498217,748197,246739,14092,0,985583
2026,March,State,WV,West Virginia,Total,54,457600,198518,259082,393801,1754,392047,63799,994,62805,215848,241752,431099,13524,2025,3212,202,7538,582,10140,53077,102511,107873,88677,51351,27799,11477,4113,82359,44064,38295,375241,21118,31406,11079,2067,6098,10591,428219,169191,259028,457408,198368,259040,428411,169341,259070,359003,183461,175542,87532,13986,0,257485
2026,March,State,WI,Wisconsin,Total,55,1369184,583829,785355,1242667,4757,1237910,126517,3378,123139,638919,730265,1203965,58678,15424,32672,6351,52094,1771,30785,93961,330014,338522,263184,162023,90739,42114,16071,175906,158565,17341,1193278,3860,96490,8244,16332,5237,45743,1290879,505599,785280,1368860,583545,785315,1291203,505883,785320,1099061,459162,639899,186126,11759,0,901176
2026,March,State,WY,Wyoming,Total,56,132751,112074,20677,122232,316,121916,10519,244,10275,64870,67881,119733,764,700,6127,1357,4070,133,2495,7891,32907,35675,25981,15221,7941,3373,1134,11765,6577,5188,120986,2941,3638,1472,628,775,2311,122774,102110,20664,132665,111999,20666,122860,102185,20675,95868,79760,16108,12650,1355,0,81863
2026,March,State,AS,American Samoa,Total,60,4028,3663,365,3174,91,3083,854,88,766,2031,1997,153,12,3383,66,0,414,*,*,760,911,968,677,367,144,55,52,295,206,89,3733,54,165,*,0,*,41,2400,2035,365,4027,3662,365,2401,2036,365,463,120,343,*,*,0,285
2026,March,State,GU,Guam,Total,66,20951,20756,195,19420,336,19084,1531,421,1110,10180,10771,1540,124,10631,5894,*,*,25,264,1242,5575,5428,4085,2225,1288,538,281,120,84,36,20831,23,64,*,0,*,20,14402,14207,195,20844,20649,195,14509,14314,195,3131,2963,168,90,12,0,3029
2026,March,State,MP,Northern Mariana Islands,Total,69,3996,3945,51,3577,89,3488,419,133,286,2089,1907,292,30,2101,1144,*,*,*,*,316,1345,1128,628,282,123,45,26,50,33,17,3946,*,*,*,0,0,*,2632,2581,51,3956,3905,51,2672,2621,51,456,405,51,*,*,0,403
2026,March,State,PR,Puerto Rico,Total,72,784038,105773,678265,673576,4217,669359,110462,2422,108040,357112,426926,3360,180,30,780241,16,211,745,11266,98451,158020,163764,143610,106718,61611,28652,11201,5752,2902,2850,778286,2054,2321,540,39,256,542,705682,27482,678200,783780,105535,678245,705940,27720,678220,685499,12590,672909,11047,2340,0,672112
2026,March,State,VI,Virgin Islands,Total,78,21072,14694,6378,19972,149,19823,1100,77,1023,9688,11384,3166,14636,231,2338,16,685,15,217,868,4585,4937,4375,3542,1639,692,202,379,200,179,20693,136,130,30,*,13,*,19079,12701,6378,20887,14509,6378,19264,12886,6378,11963,11083,880,305,14,0,11644
2026,March,State,UK,Unknown,Unknown,99,*,*,*,*,*,*,*,*,*,*,*,*,*,*,*,*,*,*,*,*,*,*,*,*,*,*,*,*,*,*,*,*,*,*,*,*,*,*,*,*,*,*,*,*,*,*,*,*,*,*,*,*,*
2026,March,State,FO,Foreign and Other Outlying Areas,Total,     ,567686,560233,7453,556096,85,556011,11590,36,11554,266963,300723,288693,15473,72414,153159,933,37014,141,2343,9106,92937,131723,122086,90613,61602,34196,22939,5003,3494,1509,562683,1149,2841,222,12,138,641,56070,48623,7447,567517,560064,7453,56239,48792,7447,13326,6778,6548,3203,441,0,9682
2026,April,National,US,National,Total,     ,70479609,34476211,36003398,63849322,323564,63525758,6630287,229251,6401036,32162873,38316736,49787082,7478425,2978650,7555873,247118,2432461,74502,1387220,5168565,16740703,17198780,13605137,8666574,4714553,2103746,819829,11806215,8447940,3358275,58673394,1814715,6638013,952029,277043,591531,1532884,64388042,28415138,35972904,70274896,34298398,35976498,64592755,28592951,35999804,57091497,25216735,31874762,12774756,1197814,0,43118927
2026,April,State,AL,Alabama,Total,01,1142514,441783,700731,977038,5593,971445,165476,4695,160781,512669,629845,827372,272562,8890,13331,917,19442,1471,28672,135333,268295,266770,207935,129317,67324,28144,9253,221931,82928,139003,920583,75531,58293,39872,4102,23600,20533,1055477,354871,700606,1135983,435342,700641,1062008,361312,700696,914088,355460,558628,228992,29822,0,655274
2026,April,State,AK,Alaska,Total,02,123598,120058,3540,113826,359,113467,9772,371,9401,61734,61864,90215,3156,5697,4187,12464,7879,147,2769,6856,32599,34409,24164,13398,6153,2355,748,18419,17355,1064,105179,118,12237,415,14,531,5104,109015,105476,3539,123076,119536,3540,109537,105998,3539,83904,81733,2171,20668,983,0,62253
2026,April,State,AZ,Arizona,Total,04,1558248,757776,800472,1440649,6142,1434507,117599,4916,112683,719319,838929,1152088,54721,34999,234845,32033,49562,1318,24493,91788,360560,383540,321170,208776,108152,43588,14863,247511,184210,63301,1310737,7112,152521,35150,3084,21039,28605,1434962,634729,800233,1548337,748055,800282,1444873,644450,800423,1260392,509132,751260,264455,16278,0,979659
2026,April,State,AR,Arkansas,Total,05,692553,366565,325988,587832,2880,584952,104721,2518,102203,317233,375320,564814,91510,5911,16695,2066,11557,1101,19143,84477,159367,158046,124900,79685,42668,17377,5789,128276,65074,63202,564277,29844,50994,21470,4178,11888,9902,645492,319552,325940,692270,366318,325952,645775,319799,325976,554166,250611,303555,136902,20266,0,396998
2026,April,State,CA,California,Total,06,7225330,3515185,3710145,6753894,42456,6711438,471436,24399,447037,3316282,3909048,3660595,442609,1023563,1776797,16995,304771,4979,107089,359368,1730917,1804745,1423316,925596,519991,245205,104124,1769218,1758725,10493,5456112,5614,1650289,2811,320,2068,108116,6615107,2909138,3705969,7202077,3495256,3706821,6638360,2929067,3709293,6077752,2505004,3572748,1899792,57370,0,4120590
2026,April,State,CO,Colorado,Total,08,1086666,519158,567508,1015515,3268,1012247,71151,2229,68922,503605,583061,861089,35102,24347,121541,2528,42059,708,16132,54311,266374,281794,222509,135014,69496,29796,10532,124312,85944,38368,962354,23087,41115,9781,7757,5500,37072,994671,430102,564569,1075972,511324,564648,1005365,437936,567429,879038,348159,530879,140051,16317,0,722670
2026,April,State,CT,Connecticut,Total,09,782076,338701,443375,718405,3065,715340,63671,1766,61905,352799,429277,596316,60664,19689,64009,537,40861,849,14750,48072,185656,188945,146842,101546,56131,27521,11764,204113,68028,136085,577963,120781,57877,10731,785,4573,9366,712628,269355,443273,780755,337427,443328,713949,270629,443320,661761,312322,349439,211709,1659,0,448393
2026,April,State,DE,Delaware,Total,10,257620,173479,84141,236937,1282,235655,20683,854,19829,115381,142239,189461,45003,5637,8312,129,9078,201,4043,16439,63158,65835,50901,31745,16069,6743,2486,32238,17344,14894,225382,8023,11098,3952,1732,2919,4514,237773,153663,84110,256780,172661,84119,238613,154481,84132,208960,138816,70144,34060,2972,0,171928
2026,April,State,DC,District of Columbia,Total,11,97729,64136,33593,87566,965,86601,10163,601,9562,42425,55304,27689,58737,2036,5159,36,4072,69,2634,7460,21549,22884,18710,12164,6920,3284,2055,33441,21475,11966,64288,11889,19312,56,23,21,2140,82279,48720,33559,96762,63195,33567,83246,49661,33585,72648,40343,32305,35995,944,0,35709
2026,April,State,FL,Florida,Total,12,5324170,2286921,3037249,4910830,21958,4888872,413340,14492,398848,2432188,2891982,3591251,568992,108382,883454,4060,168031,4169,79545,329626,1240173,1273853,1056805,717229,389531,168817,64422,913104,426918,486186,4411066,304695,340425,116157,17201,65334,69292,4984378,1948021,3036357,5319568,2282978,3036590,4988980,1951964,3037016,4405489,1552072,2853417,941790,79534,0,3384165
2026,April,State,GA,Georgia,Total,13,2025694,889835,1135859,1805204,12568,1792636,220490,11452,209038,901676,1124018,1267532,580019,60741,63547,1075,52780,2117,42104,176269,497153,490851,386813,240660,122493,50143,17091,372534,152931,219603,1653160,117887,35566,61730,8144,39986,109221,1879509,744384,1135125,2023639,888420,1135219,1881564,745799,1135765,1626721,574394,1052327,401665,47599,0,1177457
2026,April,State,HI,Hawaii,Total,15,316130,147443,168687,299032,2384,296648,17098,1562,15536,147731,168399,93406,3667,154717,24121,321,39898,172,3612,13314,70944,79861,65506,42800,22247,11470,6204,47072,38796,8276,269058,983,28387,4977,398,2316,10011,273859,105233,168626,315794,147151,168643,274195,105525,168670,239043,77364,161679,51948,4189,0,182906
2026,April,State,ID,Idaho,Total,16,415549,224674,190875,378902,1080,377822,36647,770,35877,197472,218077,374253,1354,4287,20703,2349,12603,606,9115,26926,97968,105017,82940,51973,26677,10851,3476,51959,28206,23753,363590,11529,18646,7541,2734,4683,6826,388251,197417,190834,415398,224555,190843,388402,197536,190866,324533,154375,170158,53875,4011,0,266647
2026,April,State,IL,Illinois,Total,17,2482964,1395607,1087357,2267849,12943,2254906,215115,8279,206836,1122126,1360838,1776219,317835,91787,214285,984,81854,2490,48610,164015,594398,610479,475552,303067,172651,79186,32516,381658,314763,66895,2101306,20591,191524,29245,18132,17059,105107,2262521,1175382,1087139,2469035,1381771,1087264,2276450,1189218,1087232,2049804,1054910,994894,436508,33121,0,1580175
2026,April,State,IN,Indiana,Total,18,1424507,700516,723991,1264920,5690,1259230,159587,4413,155174,647149,777358,1221868,109419,14272,36744,694,41510,1816,31606,126165,339558,346664,268007,165553,91297,39229,14612,219674,151488,68186,1204833,56978,124062,7992,5490,3216,21936,1329106,605266,723840,1423037,699162,723875,1330576,606620,723956,1192745,559410,633335,245272,18628,0,928845
2026,April,State,IA,Iowa,Total,19,708060,441339,266721,643637,2124,641513,64423,1482,62941,328152,379908,652599,14264,6723,13756,847,19871,1054,15810,47559,167833,173305,136591,83731,49825,23441,8911,83844,59523,24321,624216,12166,34283,7631,7198,4524,18042,663170,396480,266690,707427,440728,266699,663803,397091,266712,594797,368449,226348,89897,9458,0,495442
2026,April,State,KS,Kansas,Total,20,608615,404916,203699,552704,2159,550545,55911,1606,54305,280279,328336,522875,29901,9403,27309,2366,16761,881,13439,41591,144774,152034,117271,72139,40137,19013,7336,67344,42502,24842,541271,13335,24717,7553,4577,3954,13208,561761,358100,203661,608005,404332,203673,562371,358684,203687,486935,304202,182733,72942,8701,0,405292
2026,April,State,KY,Kentucky,Total,21,1009006,450604,558402,861502,3687,857815,147504,2741,144763,463872,545134,903839,66119,6951,10871,425,20801,1521,24716,121267,239092,235794,185183,111024,58296,23846,8267,177416,88479,88937,831590,49980,56353,25573,3946,13384,28180,932341,375854,556487,995290,438739,556551,946057,387719,558338,835243,359322,475921,188224,33833,0,613186
2026,April,State,LA,Louisiana,Total,22,965959,407996,557963,840298,5841,834457,125661,4737,120924,440666,525293,623505,280117,11750,27753,1005,21829,1241,25339,99081,234185,233514,176632,106771,56553,23755,8888,219657,114508,105149,746302,52991,93788,33115,6330,19043,14390,898562,340733,557829,964061,406169,557892,900460,342560,557900,809719,288184,521535,240034,17390,0,552295
2026,April,State,ME,Maine,Total,23,390328,160867,229461,346614,813,345801,43714,576,43138,182012,208316,366658,1959,2566,2808,873,15464,672,10062,32980,90633,95061,76311,46723,24001,10303,3582,104126,50627,53499,286202,45410,46196,58,23,8031,4408,362535,133563,228972,388360,159371,228989,364503,135059,229444,323208,109213,213995,107452,817,0,214939
2026,April,State,MD,Maryland,Total,24,1196699,898040,298659,1099421,7134,1092287,97278,4302,92976,528315,668384,704999,333607,59644,46509,682,51258,1131,23755,72392,289868,293463,232063,150402,82040,36815,14770,153919,88977,64942,1042780,38882,81473,16771,133,9289,7371,1031985,733420,298565,1193526,894937,298589,1035158,736523,298635,857233,607621,249612,169674,21889,0,665670
2026,April,State,MA,Massachusetts,Total,25,1513125,972369,540756,1366125,4860,1361265,147000,2483,144517,681038,832087,1184667,73568,61284,108369,815,84422,1750,35859,109391,351679,361676,290031,190014,103045,49496,20184,368357,284066,84291,1144768,70526,233639,8830,3054,4935,47373,1367029,826368,540661,1510584,969868,540716,1369570,828869,540701,1258988,754646,504342,393367,5149,0,860472
2026,April,State,MI,Michigan,Total,26,2320606,846608,1473998,2060846,9711,2051135,259760,6946,252814,1063077,1257529,1883765,265381,36130,51058,5540,78732,3097,55367,201296,552627,564591,436231,271041,146926,64789,24641,331021,271919,59102,1989585,8657,228657,31583,9483,18862,33779,2182393,708646,1473747,2319816,845979,1473837,2183183,709275,1473908,1987728,935633,1052095,363209,39482,0,1585037
2026,April,State,MN,Minnesota,Total,27,1203638,517334,686304,1102970,3595,1099375,100668,2541,98127,560693,642945,1069911,38454,25652,18858,6458,44305,1437,26493,72738,290192,297238,232530,145750,84093,38744,14423,135454,122707,12747,1068184,1938,76263,6936,10583,3873,35861,1122399,436165,686234,1202584,516312,686272,1123453,437187,686266,1000563,430309,570254,149526,14296,0,836741
2026,April,State,MS,Mississippi,Total,28,656742,360183,296559,560461,4241,556220,96281,4278,92003,296531,360211,418622,217398,4423,6355,973,8971,1123,16693,78465,157383,154205,119004,71163,37891,15482,5333,160083,71838,88245,496659,50949,46729,23684,85,13612,25024,613953,317453,296500,656416,359899,296517,614279,317737,296542,522408,247877,274531,164843,16665,0,340900
2026,April,State,MO,Missouri,Total,29,1369718,623523,746195,1209681,5357,1204324,160037,4252,155785,625593,744125,1171209,127352,14145,21900,1896,33216,2282,34149,123606,327906,326455,253501,161169,88201,38692,13757,184172,140524,43648,1185546,15837,92723,18572,13689,9239,34112,1275084,528998,746086,1368722,622583,746139,1276080,529938,746142,1132390,473522,658868,205217,30437,0,896736
2026,April,State,MT,Montana,Total,30,271987,190823,81164,251211,638,250573,20776,455,20321,130940,141047,249220,695,1475,4243,7140,9214,271,4758,15747,65029,70754,55254,33064,17247,7287,2576,24003,15221,8782,247984,4651,10946,2756,1121,1375,3154,252372,171239,81133,271713,190575,81138,252646,171487,81159,206594,133327,73267,27649,4892,0,174053
2026,April,State,NE,Nebraska,Total,31,398351,262014,136337,363502,1207,362295,34849,1033,33816,184013,214338,349950,13619,4175,15406,1640,13561,558,8988,25303,94429,99493,78194,47010,26651,12825,4900,43583,37548,6035,354768,428,27564,3106,159,2501,9825,367378,231072,136306,397956,261639,136317,367773,231447,136326,319353,197056,122297,46537,5528,0,267288
2026,April,State,NV,Nevada,Total,32,628359,301570,326789,579182,2848,576334,49177,2360,46817,296577,331782,407249,54339,51839,88090,3011,23831,470,9624,39083,152081,158950,127500,80649,39816,15344,4842,82252,30376,51876,546107,31378,23186,12998,1454,7500,5736,566419,239733,326686,625379,298668,326711,569399,242635,326764,485290,177568,307722,90830,11064,0,383396
2026,April,State,NH,New Hampshire,Total,33,360234,247531,112703,323447,804,322643,36787,456,36331,168253,191981,332460,2244,3669,5641,178,16042,558,9818,26411,88762,88718,68471,42699,21791,9528,3478,30381,18799,11582,329853,6041,9067,3624,1471,1917,8261,324066,211376,112690,360122,247428,112694,324178,211479,112699,276919,175468,101451,34348,5812,0,236759
2026,April,State,NJ,New Jersey,Total,34,1837433,1077365,760068,1693994,10050,1683944,143439,5538,137901,821838,1015595,1216377,205016,119944,219613,832,75651,1728,30413,111298,448883,445957,347003,232845,131032,61823,26451,230834,197544,33290,1606599,9196,175566,15157,134,8937,21844,1635156,875280,759876,1823937,1063980,759957,1648652,888665,759987,1480918,928354,552564,245674,43775,0,1191469
2026,April,State,NM,New Mexico,Total,35,475525,234401,241124,427050,2105,424945,48475,1749,46726,220226,255299,261287,8302,5294,162465,23214,14963,501,10044,37930,110448,117273,95130,57316,29823,12632,4428,41038,26211,14827,434487,9826,10618,2840,1199,2161,14394,435432,194413,241019,470628,229585,241043,440329,199229,241100,376639,147991,228648,117630,5805,0,253204
2026,April,State,NY,New York,Total,36,4044727,1883283,2161444,3661858,19870,3641988,382869,10528,372341,1814513,2230214,2535285,498747,296479,495725,7251,211240,3940,78730,300199,953309,963550,763722,495877,285710,138007,61683,1160258,1010746,149512,2884469,88087,805088,524,183,60901,205475,3707270,1546203,2161067,4035970,1874671,2161299,3716027,1554815,2161212,3383153,1386223,1996930,1242638,31129,0,2109386
2026,April,State,NC,North Carolina,Total,37,2318357,977305,1341052,2068770,11369,2057401,249587,9021,240566,1034705,1283652,1686799,458512,35265,61762,10131,65888,2638,47400,199549,550567,557930,448456,283494,145666,61837,20820,355241,263765,91476,1963116,12861,211666,51151,9305,27464,42794,2176718,835922,1340796,2316408,975533,1340875,2178667,837694,1340973,1898520,831048,1067472,371346,60398,0,1466776
2026,April,State,ND,North Dakota,Total,38,153766,99192,54574,141246,474,140772,12520,375,12145,73237,80529,141781,1166,767,1696,3858,4498,201,3357,8962,37586,39285,28963,17656,10252,5332,2172,14428,11350,3078,139338,1070,7214,1319,1181,689,2955,141751,87187,54564,153584,99018,54566,141933,87361,54572,120264,88433,31831,16307,1665,0,102292
2026,April,State,OH,Ohio,Total,39,2626656,1144020,1482636,2349321,11253,2338068,277335,7534,269801,1191429,1435227,2178446,268936,31145,43997,1093,103039,3328,60607,213400,623641,640456,503705,304744,171946,76008,28821,404221,272011,132210,2222435,66391,159427,42955,23104,22864,89480,2422069,948427,1473642,2598051,1124243,1473808,2450674,968204,1482470,2222628,989461,1233167,435951,42450,0,1744227
2026,April,State,OK,Oklahoma,Total,40,829286,477883,351403,725632,3478,722154,103654,3089,100565,380588,448698,670436,55130,11392,29742,43413,19173,1241,20770,81643,198662,198944,151888,95537,51262,21894,7445,117014,96740,20274,712272,433,76417,13071,7822,6770,12501,757227,405901,351326,828975,477632,351343,757538,406152,351386,623585,308814,314771,127481,22610,0,473494
2026,April,State,OR,Oregon,Total,41,971414,447975,523439,888411,2778,885633,83003,1947,81056,449234,522180,844118,13349,29340,43796,5663,35148,1007,19953,62043,210587,244391,204377,126941,65149,26926,10040,166372,91714,74658,805042,39494,60676,22245,7199,12919,23839,901653,378335,523318,970880,447519,523361,902187,378791,523396,801319,302524,498795,177518,8478,0,615323
2026,April,State,PA,Pennsylvania,Total,42,3032898,1380700,1652198,2730720,11999,2718721,302178,7402,294776,1379047,1653851,2517278,257760,60987,104965,1002,90906,3117,62017,237044,712533,736786,578040,364134,204485,95585,39157,466681,382355,84326,2566217,9416,292513,46953,22655,27957,67187,2798698,1146915,1651783,3025011,1373026,1651985,2806585,1154589,1651996,2552227,1083484,1468743,495970,62283,0,1993974
2026,April,State,RI,Rhode Island,Total,44,251968,101326,150642,224424,761,223663,27544,475,27069,113011,138957,203390,9683,4367,22186,302,12040,329,6382,20833,59721,60453,46890,30090,16234,7658,3378,44520,37057,7463,207448,5717,24302,248,23,1498,12732,227711,77093,150618,251715,101085,150630,227964,77334,150630,209853,65508,144345,48332,4470,0,157051
2026,April,State,SC,South Carolina,Total,45,1284037,685812,598225,1148685,6646,1142039,135352,5572,129780,577948,706089,928220,287539,12614,24471,876,30317,1120,23252,110980,304292,312351,253649,158589,77845,31515,10444,173410,142915,30495,1110627,901,110017,17746,8672,11848,24226,1201692,603624,598068,1278397,680298,598099,1207332,609138,598194,1026295,490258,536037,182334,42135,0,801826
2026,April,State,SD,South Dakota,Total,46,205927,132410,73517,190135,652,189483,15792,510,15282,98647,107280,187558,1312,1232,2474,7393,5958,226,3878,11688,50646,53296,40322,23717,13244,6407,2503,19794,11954,7840,186133,4458,8322,2202,1092,1180,2540,189706,116200,73506,205821,132313,73508,189812,116297,73515,157011,112387,44624,21720,2218,0,133073
2026,April,State,TN,Tennessee,Total,47,1527071,709962,817109,1341625,6496,1335129,185446,5374,180072,690803,836268,1250894,200800,15654,23779,980,34964,2026,32730,150690,364415,366548,288291,179635,92674,37689,12373,232122,146581,85541,1294949,41344,114942,43845,13140,352,18499,1419699,602810,816889,1525082,708142,816940,1421688,604630,817058,1239011,483392,755619,246726,38793,0,953492
2026,April,State,TX,Texas,Total,48,5006773,2268072,2738701,4556412,30584,4525828,450361,27780,422581,2296990,2709783,2891983,572143,191419,1227144,5953,118131,5116,98993,346252,1258936,1261325,955016,590887,309415,133592,47241,668323,355936,312387,4338450,197983,291251,80154,13276,34250,51409,4574618,1841563,2733055,4996003,2262650,2733353,4585388,1846985,2738403,4002958,1719531,2283427,746205,179795,0,3076958
2026,April,State,UT,Utah,Total,49,489069,220952,268117,448283,1531,446752,40786,1280,39506,230012,259057,422127,3475,11625,32414,2577,16851,668,11181,28937,116976,125624,95750,60234,31952,13473,4274,34071,32030,2041,454998,1367,20262,397,3141,277,8627,446482,178439,268043,486011,217942,268069,449540,181449,268091,391007,140476,250531,44489,8084,0,338434
2026,April,State,VT,Vermont,Total,50,170320,148644,21676,153092,317,152775,17228,188,17040,79924,90396,157149,906,1277,1364,88,9536,264,4753,12211,39100,42188,33689,21152,10630,4625,1708,31277,18637,12640,139043,9621,16338,44,235,2975,2064,156884,135213,21671,170139,148467,21672,157065,135390,21675,134324,118659,15665,32590,1206,0,100528
2026,April,State,VA,Virginia,Total,51,1752655,1060962,691693,1589043,8681,1580362,163612,5915,157697,790511,962144,1229465,322382,75475,61202,966,63165,1847,35318,126447,419298,424894,338859,219419,117129,50708,18736,200969,135518,65451,1551686,30429,99028,22580,7836,12442,28654,1579911,888388,691523,1747910,1056329,691581,1584656,893021,691635,1303328,688938,614390,223886,41380,0,1038062
2026,April,State,WA,Washington,Total,53,1580503,794388,786115,1454047,5280,1448767,126456,3606,122850,731534,848969,1276572,45446,101910,74973,11605,69997,1455,30394,94607,366926,399728,318842,201800,104598,45145,17008,234348,148179,86169,1346155,57133,139530,12403,600,16633,8049,1442783,656841,785942,1578837,792825,786012,1444449,658404,786045,1249276,499464,749812,248391,13431,0,987454
2026,April,State,WV,West Virginia,Total,54,457414,198364,259050,393505,1708,391797,63909,982,62927,215745,241669,430741,13516,2033,3213,207,7704,591,10151,53167,103625,107590,88333,51099,27534,11309,4015,81952,43630,38322,375462,21048,31449,11071,2070,6203,10111,428240,169244,258996,457226,198218,259008,428428,169390,259038,357725,182031,175694,87627,13359,0,256739
2026,April,State,WI,Wisconsin,Total,55,1370676,583973,786703,1243836,4664,1239172,126840,3369,123471,639575,731101,1204472,58687,15450,32750,6351,52966,1811,30846,94183,334833,337932,262480,161325,90062,41519,15685,175233,158014,17219,1195443,3811,96495,8179,16073,5229,45446,1293054,506425,786629,1370381,583718,786663,1293349,506680,786669,1102079,460589,641490,186901,11382,0,903796
2026,April,State,WY,Wyoming,Total,56,132909,112275,20634,122358,310,122048,10551,242,10309,64924,67985,119797,764,702,6143,1355,4148,135,2508,7908,33344,35612,25918,15162,7879,3331,1112,11739,6549,5190,121170,2932,3626,1464,646,794,2277,122970,102349,20621,132826,112203,20623,123053,102421,20632,95361,79281,16080,12690,1305,0,81366
2026,April,State,AS,American Samoa,Total,60,4011,3647,364,3160,87,3073,851,88,763,2019,1992,153,12,3368,66,0,412,*,*,758,908,963,675,363,144,55,52,293,206,87,3718,53,164,*,0,*,42,2389,2025,364,4010,3646,364,2390,2026,364,458,116,342,*,*,0,280
2026,April,State,GU,Guam,Total,66,20978,20781,197,19442,330,19112,1536,419,1117,10185,10793,1544,124,10643,5896,*,*,25,267,1244,5660,5419,4069,2210,1276,531,277,120,83,37,20858,25,62,*,0,*,21,14472,14275,197,20871,20674,197,14579,14382,197,3129,2960,169,93,12,0,3024
2026,April,State,MP,Northern Mariana Islands,Total,69,4013,3964,49,3587,88,3499,426,132,294,2101,1912,293,30,2104,1156,*,*,*,*,318,1362,1126,627,280,122,44,26,47,32,15,3966,*,*,*,0,0,*,2642,2593,49,3973,3924,49,2682,2633,49,447,398,49,*,*,0,395
2026,April,State,PR,Puerto Rico,Total,72,784289,104657,679632,673518,4144,669374,110771,2412,108359,357057,427232,3346,178,30,780510,16,209,756,11305,98710,159836,163532,143286,106275,61212,28356,11021,5514,2763,2751,778775,1984,2201,525,42,242,520,706630,27063,679567,784029,104417,679612,706890,27303,679587,686711,12467,674244,11061,2148,0,673502
2026,April,State,VI,Virgin Islands,Total,78,21082,14704,6378,19977,147,19830,1105,78,1027,9688,11394,3180,14621,230,2337,16,698,16,217,872,4649,4926,4365,3527,1628,685,197,376,196,180,20706,137,126,30,*,13,*,19104,12726,6378,20899,14521,6378,19287,12909,6378,11931,11056,875,306,12,0,11613
2026,April,State,UK,Unknown,Unknown,99,*,*,*,*,*,*,*,*,*,*,*,*,*,*,*,*,*,*,*,*,*,*,*,*,*,*,*,*,*,*,*,*,*,*,*,*,*,*,*,*,*,*,*,*,*,*,*,*,*,*,*,*,*
2026,April,State,FO,Foreign and Other Outlying Areas,Total,     ,567614,560280,7334,556011,85,555926,11603,36,11567,266876,300738,288442,15485,72398,153242,932,37115,144,2346,9113,94150,131589,121884,90358,61310,33965,22755,4837,3347,1490,562777,1136,2699,214,11,140,637,55877,48549,7328,567447,560113,7334,56044,48716,7328,12763,6321,6442,3151,366,0,9246
2026,May,National,US,National,Total,     ,70546975,34487185,36059790,63900972,318356,63582616,6646003,228297,6417706,32190834,38356141,49770749,7480791,2984505,7572212,246842,2491876,76080,1390451,5179472,16963312,17171369,13570662,8631341,4681036,2078335,804917,11747986,8396734,3351252,58798989,1815274,6624471,947454,270997,588524,1501266,64461344,28431924,36029420,70345183,34312174,36033009,64663136,28606935,36056201,57162008,25232557,31929451,12804482,1197552,0,43159974
2026,May,State,AL,Alabama,Total,01,1142782,441196,701586,977055,5515,971540,165727,4676,161051,512727,630055,826854,272563,8935,13375,913,20142,1501,28738,135488,271253,266233,207246,128688,66797,27747,9091,218554,82567,135987,924228,72579,57908,40325,4109,23083,20550,1055793,354331,701462,1136241,434744,701497,1062334,360783,701551,912158,352827,559331,228990,29801,0,653367
2026,May,State,AK,Alaska,Total,02,123826,120314,3512,114038,357,113681,9788,367,9421,61854,61972,90273,3153,5714,4206,12444,8036,149,2770,6869,33051,34355,24106,13355,6111,2329,731,18334,17257,1077,105492,127,12258,416,13,534,4986,109265,105754,3511,123325,119813,3512,109766,106255,3511,84076,81931,2145,20801,972,0,62303
2026,May,State,AZ,Arizona,Total,04,1559482,758004,801478,1441647,6050,1435597,117835,4900,112935,719765,839717,1151506,54730,35094,235478,31974,50700,1362,24541,91932,365373,382942,320292,207900,107410,43116,14614,246532,183047,63485,1312950,6868,152545,35307,3050,21310,27452,1436522,635285,801237,1549597,748309,801288,1446407,644980,801427,1262341,510050,752291,265548,16272,0,980521
2026,May,State,AR,Arkansas,Total,05,692587,366225,326362,587630,2814,584816,104957,2492,102465,317211,375376,564390,91522,5929,16757,2065,11924,1119,19184,84654,161016,157705,124473,79296,42321,17129,5690,128115,64701,63414,564472,29999,50784,21464,4119,11951,9798,645494,319177,326317,692305,365977,326328,645776,319425,326351,554503,250601,303902,136851,20257,0,397395
2026,May,State,CA,California,Total,06,7234690,3515367,3719323,6762241,41859,6720382,472449,24278,448171,3320201,3914489,3658654,442731,1025132,1780949,16970,310254,5101,107305,360043,1755416,1802366,1420306,922450,516748,242580,102375,1761507,1751495,10012,5473183,5349,1645170,2659,313,2004,106012,6625412,2910267,3715145,7212315,3496304,3716011,6647787,2929330,3718457,6091706,2509844,3581862,1905101,57220,0,4129385
2026,May,State,CO,Colorado,Total,08,1088094,519842,568252,1016819,3228,1013591,71275,2210,69065,504297,583797,860932,35108,24420,121820,2531,43283,726,16156,54393,270155,281397,222028,134508,68968,29437,10326,123411,85399,38012,964683,22939,40733,9775,7700,5298,36966,996297,430975,565322,1077418,512017,565401,1006973,438800,568173,880420,348859,531561,140638,16364,0,723418
2026,May,State,CT,Connecticut,Total,09,783025,338651,444374,719123,3014,716109,63902,1753,62149,353192,429833,596127,60716,19732,64135,536,41779,869,14805,48228,188292,188685,146508,101203,55735,27190,11510,204523,67951,136572,578502,121165,57869,10771,783,4636,9299,713749,269477,444272,781721,337394,444327,715053,270734,444319,663328,313052,350276,212434,1621,0,449273
2026,May,State,DE,Delaware,Total,10,257889,173537,84352,237139,1268,235871,20750,851,19899,115491,142398,189432,45042,5652,8319,129,9315,205,4057,16488,63964,65734,50784,31592,15958,6657,2450,32233,17250,14983,225656,8094,11039,3993,1712,2896,4499,238027,153705,84322,257042,172712,84330,238874,154530,84344,209379,139021,70358,34165,2966,0,172248
2026,May,State,DC,District of Columbia,Total,11,97746,64198,33548,87579,959,86620,10167,595,9572,42436,55310,27671,58689,2038,5170,36,4142,69,2637,7461,21781,22849,18660,12126,6879,3256,2028,33328,21211,12117,64418,12042,19369,56,23,19,1819,82309,48795,33514,96784,63262,33522,83271,49731,33540,72832,40569,32263,36168,930,0,35734
2026,May,State,FL,Florida,Total,12,5329563,2287183,3042380,4915101,21565,4893536,414462,14461,400001,2434120,2895443,3589878,569288,108699,885501,4064,172133,4268,79774,330420,1257430,1271902,1054186,714488,386947,166888,63260,910704,425355,485349,4418859,304685,340629,115537,17706,65127,67020,4989819,1948330,3041489,5325210,2283486,3041724,4994172,1952027,3042145,4412781,1554690,2858091,941728,79314,0,3391739
2026,May,State,GA,Georgia,Total,13,2027705,889368,1138337,1806758,12369,1794389,220947,11419,209528,902545,1125160,1267025,580435,60953,63804,1078,54410,2157,42204,176586,503633,489974,385719,239612,121558,49491,16771,369045,151615,217430,1658660,117104,34739,60944,7986,39382,108890,1881382,743780,1137602,2025672,887975,1137697,1883415,745173,1138242,1629136,574541,1054595,402055,48038,0,1179043
2026,May,State,HI,Hawaii,Total,15,316293,147755,168538,299211,2348,296863,17082,1545,15537,147770,168523,93363,3671,154715,24151,321,40072,174,3603,13305,71948,79750,65352,42639,22103,11333,6086,46581,38481,8100,269712,994,28133,4873,381,2233,9967,273944,105467,168477,315969,147475,168494,274268,105747,168521,239091,77597,161494,51911,4171,0,183009
2026,May,State,ID,Idaho,Total,16,416112,224845,191267,379371,1062,378309,36741,755,35986,197698,218414,374370,1359,4298,20752,2342,12991,613,9130,26998,99427,104860,82736,51751,26470,10714,3413,51924,28082,23842,364188,11596,18689,7549,2743,4697,6650,388837,197611,191226,415961,224725,191236,388988,197731,191257,325197,154696,170501,54047,4002,0,267148
2026,May,State,IL,Illinois,Total,17,2485630,1395040,1090590,2269815,12732,2257083,215815,8243,207572,1123233,1362397,1775763,317882,91952,214847,979,84207,2556,48751,164508,602363,609536,474343,301834,171468,78292,31979,376294,311237,65057,2109336,21423,190452,27155,15658,16479,105127,2265588,1175214,1090374,2471783,1381285,1090498,2279435,1188969,1090466,2053397,1055136,998261,438333,33044,0,1582020
2026,May,State,IN,Indiana,Total,18,1425541,700554,724987,1265572,5586,1259986,159969,4385,155584,647612,777929,1221613,109464,14303,36842,699,42620,1856,31707,126406,343814,346065,267279,164815,90573,38699,14327,217688,149644,68044,1207853,57051,123683,7798,5358,3195,20603,1330514,605675,724839,1424213,699341,724872,1331842,606888,724954,1194910,560452,634458,246179,18651,0,930080
2026,May,State,IA,Iowa,Total,19,708692,441889,266803,644074,2085,641989,64618,1474,63144,328378,380314,652548,14269,6743,13808,848,20476,1075,15841,47702,170060,173024,136238,83414,49459,23132,8747,83670,59325,24345,625022,12198,34233,7626,7150,4521,17942,663878,397106,266772,708042,441261,266781,664528,397734,266794,595704,369301,226403,90184,9426,0,496094
2026,May,State,KS,Kansas,Total,20,609067,405309,203758,553010,2125,550885,56057,1600,54457,280492,328575,522672,29899,9431,27397,2360,17308,907,13480,41670,146589,151793,116989,71830,39835,18796,7178,67052,42270,24782,542015,13337,24636,7484,4541,3961,13093,562343,358621,203722,608463,404729,203734,562947,359201,203746,487521,304749,182772,72976,8655,0,405890
2026,May,State,KY,Kentucky,Total,21,1009490,450465,559025,861592,3615,857977,147898,2741,145157,464000,545490,903594,66156,6977,10900,427,21436,1560,24766,121572,241806,235297,184555,110458,57842,23536,8098,176998,87953,89045,832492,50130,56302,25537,3924,13378,27727,932860,375746,557114,995739,438562,557177,946611,387649,558962,836190,359675,476515,188670,33839,0,613681
2026,May,State,LA,Louisiana,Total,22,966179,407656,558523,840274,5742,834532,125905,4724,121181,440797,525382,623151,280040,11780,27780,1005,22423,1261,25383,99261,236556,233078,176097,106277,56113,23432,8721,217974,113100,104874,748205,53166,93177,32849,6197,18859,13726,898851,340459,558392,964257,405804,558453,900773,342311,558462,810801,288786,522015,240669,17438,0,552694
2026,May,State,ME,Maine,Total,23,390650,160961,229689,346878,796,346082,43772,570,43202,182147,208503,366626,1953,2572,2810,872,15817,685,10082,33005,91876,94892,76111,46530,23807,10144,3518,104234,50140,54094,286416,45852,45828,58,21,8184,4291,362866,133664,229202,388695,159477,229218,364821,135148,229673,323698,109465,214233,107840,799,0,215059
2026,May,State,MD,Maryland,Total,24,1198116,898970,299146,1100556,7022,1093534,97560,4288,93272,528891,669225,704691,333709,59767,46679,681,52589,1157,23840,72563,293860,292989,231468,149812,81499,36414,14514,152943,88268,64675,1045173,38702,80974,16739,123,9234,7171,1034232,735177,299055,1195848,896769,299079,1036500,737378,299122,859262,609178,250084,170579,21865,0,666818
2026,May,State,MA,Massachusetts,Total,25,1514987,973918,541069,1367729,4799,1362930,147258,2479,144779,681935,833052,1184195,73560,61434,108590,810,86398,1794,35913,109551,356713,361203,289462,189358,102288,48907,19798,368815,283299,85516,1146172,71852,233561,8745,3028,4919,46710,1369585,828613,540972,1512777,971749,541028,1371795,830782,541013,1261931,757183,504748,395391,5080,0,861460
2026,May,State,MI,Michigan,Total,26,2322613,848581,1474032,2062349,9539,2052810,260264,6909,253355,1063886,1258727,1883821,265375,36228,51180,5533,80476,3155,55470,201639,559868,563664,435091,269830,145814,63930,24152,327641,268835,58806,1994972,8569,227722,31454,9017,18783,32096,2184730,710939,1473791,2321830,847952,1473878,2185513,711568,1473945,1990031,937706,1052325,364018,39442,0,1586571
2026,May,State,MN,Minnesota,Total,27,1205102,517611,687491,1104107,3529,1100578,100995,2532,98463,561349,643753,1069917,38502,25720,18899,6450,45614,1461,26573,72961,294232,296842,232004,145152,83514,38252,14111,133994,121338,12656,1071108,1973,76323,6840,9793,3843,35222,1124302,436881,687421,1204126,516667,687459,1125278,437825,687453,1002419,431105,571314,149820,14270,0,838329
2026,May,State,MS,Mississippi,Total,28,656860,359930,296930,560391,4152,556239,96469,4260,92209,296526,360334,418337,217464,4446,6375,967,9271,1145,16724,78600,159038,153857,118618,70789,37573,15268,5248,160058,71648,88410,496802,51065,46622,23730,80,13615,24946,614098,317227,296871,656554,359667,296887,614404,317490,296914,522668,247797,274871,164666,16686,0,341316
2026,May,State,MO,Missouri,Total,29,1370545,623782,746763,1210108,5260,1204848,160437,4218,156219,625876,744669,1170796,127350,14176,21969,1897,34357,2321,34202,123914,331843,325823,252829,160426,87515,38201,13471,182740,138874,43866,1187805,15913,92712,18689,13302,9264,32860,1276142,529485,746657,1369565,622857,746708,1277122,530410,746712,1133264,473845,659419,205583,30429,0,897252
2026,May,State,MT,Montana,Total,30,272278,191057,81221,251458,624,250834,20820,456,20364,131016,141262,249259,699,1481,4251,7127,9461,276,4763,15781,65915,70642,55120,32928,17113,7208,2532,23712,15120,8592,248566,4527,10894,2701,1127,1364,3099,252662,171472,81190,272002,190807,81195,252938,171722,81216,206932,133607,73325,27848,4877,0,174207
2026,May,State,NE,Nebraska,Total,31,398636,262332,136304,363675,1187,362488,34961,1029,33932,184130,214506,349765,13630,4195,15437,1635,13974,567,9017,25377,95636,99331,77995,46800,26465,12659,4789,43495,37449,6046,355141,423,27538,3108,125,2515,9786,367713,231440,136273,398241,261957,136284,368108,231815,136293,319733,197504,122229,46551,5528,0,267654
2026,May,State,NV,Nevada,Total,32,628991,301708,327283,579666,2795,576871,49325,2349,46976,296870,332121,407003,54384,51929,88367,3009,24299,484,9629,39212,154169,158662,127147,80260,39517,15162,4749,82306,30206,52100,546685,31584,23086,13032,1447,7484,5673,567016,239836,327180,626007,298802,327205,570000,242742,327258,482791,174621,308170,90864,10934,0,380993
2026,May,State,NH,New Hampshire,Total,33,360686,247935,112751,323850,793,323057,36836,457,36379,168444,192242,332382,2248,3668,5661,178,16549,572,9848,26416,90017,88580,68328,42497,21617,9402,3409,30065,18451,11614,330621,6091,9027,3624,1417,1899,8007,324518,211780,112738,360574,247832,112742,324630,211883,112747,277521,176008,101513,34420,5787,0,237314
2026,May,State,NJ,New Jersey,Total,34,1840175,1078498,761677,1696320,9903,1686417,143855,5515,138340,823156,1017019,1216042,205088,120241,220238,830,77736,1780,30466,111609,455439,445385,346206,231964,130186,61164,25976,230001,196630,33371,1610174,9341,174874,15123,139,8907,21617,1637779,876293,761486,1826806,1065238,761568,1651148,889553,761595,1483859,929497,554362,246221,43866,0,1193772
2026,May,State,NM,New Mexico,Total,35,475933,234631,241302,427373,2074,425299,48560,1745,46815,220385,255548,261095,8317,5312,162690,23206,15313,511,10070,37979,111927,117083,94866,57092,29602,12469,4334,40580,25756,14824,435353,9850,10579,2801,1153,2173,14024,435862,194664,241198,471027,229805,241222,440768,199490,241278,377001,148172,228829,118291,5775,0,252935
2026,May,State,NY,New York,Total,36,4050218,1882428,2167790,3666250,19549,3646701,383968,10473,373495,1817043,2233175,2535378,498929,297055,496889,7261,214706,4025,78948,300995,966714,962234,762052,494123,283967,136502,60658,1154306,1005371,148935,2895912,88874,807015,501,181,59560,198175,3712735,1545317,2167418,4041591,1873947,2167644,3721362,1553798,2167564,3388534,1385214,2003320,1246529,30776,0,2111229
2026,May,State,NC,North Carolina,Total,37,2320474,977880,1342594,2070224,11198,2059026,250250,8975,241275,1035607,1284867,1686414,458675,35375,62008,10157,67845,2690,47554,200006,557831,556927,447196,282315,144563,60995,20397,354010,262316,91694,1966464,12945,211875,51165,9219,27584,41222,2178852,836510,1342342,2318540,976116,1342424,2180786,838274,1342512,1894054,825164,1068890,371648,60357,0,1462049
2026,May,State,ND,North Dakota,Total,38,153917,99320,54597,141365,461,140904,12552,371,12181,73292,80625,141764,1170,770,1697,3858,4658,208,3360,8984,38081,39229,28893,17575,10185,5270,2132,14178,11140,3038,139739,1030,7125,1324,1111,684,2904,141922,87335,54587,153738,99149,54589,142101,87506,54595,120402,88595,31807,16379,1642,0,102381
2026,May,State,OH,Ohio,Total,39,2628905,1144014,1484891,2350851,11069,2339782,278054,7478,270576,1192375,1436530,2177999,269069,31216,44097,1092,105432,3376,60763,213915,631671,639412,502372,303379,170648,75076,28293,403108,270927,132181,2225797,66374,160066,42943,23149,22864,87712,2424738,948819,1475919,2600182,1124097,1476085,2453461,968736,1484725,2226011,990397,1235614,436317,42498,0,1747196
2026,May,State,OK,Oklahoma,Total,40,829366,477718,351648,725459,3408,722051,103907,3079,100828,380608,448758,669865,55127,11441,29867,43305,19761,1262,20797,81848,200856,198501,151382,95024,50825,21591,7280,115358,95708,19650,714008,408,75685,12715,7686,6527,12337,757351,405778,351573,829058,477469,351589,757659,406027,351632,624155,309181,314974,127316,22673,0,474166
2026,May,State,OR,Oregon,Total,41,972025,448534,523491,888862,2732,886130,83163,1936,81227,449504,522521,843659,13356,29414,43915,5652,36029,1034,19990,62139,213478,244022,203867,126395,64698,26585,9817,166645,91476,75169,805380,39835,60754,22336,7181,12998,23541,902336,378958,523378,971491,448073,523418,902870,379419,523451,801987,303077,498910,178033,8414,0,615540
2026,May,State,PA,Pennsylvania,Total,42,3035289,1381446,1653843,2732219,11796,2720423,303070,7378,295692,1380101,1655188,2516452,257848,61121,105255,1008,93605,3176,62178,237716,721775,735595,576575,362597,202948,94378,38351,464788,380819,83969,2570501,9445,291715,46616,22757,27908,66347,2801182,1147754,1653428,3027237,1373605,1653632,2809234,1155595,1653639,2555815,1085405,1470410,497437,62143,0,1996235
2026,May,State,RI,Rhode Island,Total,44,252291,101518,150773,224655,748,223907,27636,473,27163,113107,139184,203367,9688,4377,22265,304,12290,333,6402,20901,60531,60378,46767,29978,16117,7567,3317,44250,36738,7512,208041,5775,24128,193,24,1544,12586,227982,77232,150750,252038,101276,150762,228235,77474,150761,210195,65712,144483,48464,4453,0,157278
2026,May,State,SC,South Carolina,Total,45,1284997,685600,599397,1149377,6533,1142844,135620,5545,130075,578282,706715,928059,287580,12663,24558,873,31264,1145,23289,111186,308115,311768,252971,157898,77255,31109,10261,172145,141899,30246,1112852,872,109510,17644,8433,11730,23956,1202665,603422,599243,1279348,680075,599273,1208314,608947,599367,1024407,487292,537115,181919,42371,0,800117
2026,May,State,SD,South Dakota,Total,46,206247,132659,73588,190388,640,189748,15859,508,15351,98792,107455,187675,1311,1238,2474,7376,6173,233,3883,11743,51405,53215,40225,23618,13146,6317,2462,19733,11964,7769,186514,4440,8342,2191,1100,1138,2522,190002,116424,73578,206147,132567,73580,190102,116516,73586,157310,112714,44596,21833,2207,0,133270
2026,May,State,TN,Tennessee,Total,47,1527829,710019,817810,1342037,6387,1335650,185792,5366,180426,691092,836737,1250323,200883,15704,23857,983,36079,2076,32818,150898,368900,365775,287373,178761,91958,37151,12119,231341,145850,85491,1296488,41413,114806,43746,12962,332,18082,1420553,602962,817591,1525814,708172,817642,1422568,604809,817759,1235613,479385,756228,247107,38618,0,949888
2026,May,State,TX,Texas,Total,48,5012210,2267677,2744533,4561156,30100,4531056,451054,27720,423334,2299272,2712938,2889922,572342,192023,1229647,5958,122318,5216,99153,346685,1275530,1259282,952506,588407,307130,131926,46375,661722,353898,307824,4350488,197252,290775,77593,13023,32979,50100,4579830,1840920,2738910,5001551,2262344,2739207,4590489,1846253,2744236,4011272,1722707,2288565,747715,180549,0,3083008
2026,May,State,UT,Utah,Total,49,489616,220925,268691,448740,1509,447231,40876,1278,39598,230218,259398,422017,3479,11646,32524,2572,17378,683,11193,29000,118691,125430,95528,59962,31673,13263,4193,38673,31578,7095,450943,1377,20114,3407,3036,2311,8428,447169,178551,268618,486562,217918,268644,450223,181558,268665,391800,140725,251075,44618,8101,0,339081
2026,May,State,VT,Vermont,Total,50,170503,148871,21632,153239,310,152929,17264,187,17077,80011,90492,157141,912,1275,1362,91,9722,271,4758,12235,39659,42124,33614,21068,10550,4553,1671,31258,18439,12819,139245,9730,16251,39,227,3050,1961,157025,135398,21627,170322,148694,21628,157206,135575,21631,134463,118820,15643,32764,1189,0,100510
2026,May,State,VA,Virginia,Total,51,1754488,1061228,693260,1590368,8564,1581804,164120,5884,158236,791319,963169,1228945,322526,75657,61406,968,64986,1889,35444,126787,424888,424240,337994,218540,116220,50086,18400,199283,134125,65158,1555205,30407,98216,22393,7872,12358,28037,1581896,888801,693095,1749767,1056616,693151,1586617,893413,693204,1305347,689603,615744,224183,41403,0,1039761
2026,May,State,WA,Washington,Total,53,1582121,795349,786772,1455425,5184,1450241,126696,3584,123112,732153,849968,1276100,45456,102105,75189,11590,71681,1479,30474,94743,372218,399128,318008,201025,103815,44574,16657,233506,147186,86320,1348615,57430,139570,12368,581,16522,7035,1444584,657983,786601,1580495,793825,786670,1446210,659507,786703,1250614,500142,750472,249710,13289,0,987615
2026,May,State,WV,West Virginia,Total,54,457366,198269,259097,393302,1669,391633,64064,976,63088,215660,241706,430492,13502,2031,3220,207,7914,596,10169,53299,104740,107316,88035,50842,27293,11152,3924,81702,43275,38427,375664,21061,31378,11102,2045,6264,9852,428273,169229,259044,457181,198126,259055,428458,169372,259086,357846,181968,175878,87932,13335,0,256579
2026,May,State,WI,Wisconsin,Total,55,1372239,584680,787559,1245110,4599,1240511,127129,3358,123771,640281,731958,1204659,58709,15468,32848,6343,54212,1839,30935,94355,339527,337377,261871,160653,89378,40950,15354,174249,157127,17122,1197990,3789,96276,8158,15451,5175,45400,1294888,507401,787487,1371962,584441,787521,1295165,507640,787525,1104270,461811,642459,187432,11382,0,905456
2026,May,State,WY,Wyoming,Total,56,133109,112521,20588,122527,305,122222,10582,242,10340,65004,68105,119855,763,701,6171,1354,4265,138,2514,7930,33820,35563,25845,15110,7812,3285,1092,11650,6485,5165,121459,2871,3639,1459,664,835,2182,123143,102567,20576,133029,112451,20578,123223,102637,20586,95541,79497,16044,12746,1293,0,81502
2026,May,State,AS,American Samoa,Total,60,3999,3637,362,3149,86,3063,850,88,762,2014,1985,151,12,3361,66,0,409,*,*,757,907,961,672,362,142,54,51,288,200,88,3711,52,159,24,0,12,41,2374,2012,362,3998,3636,362,2375,2013,362,452,112,340,*,*,0,274
2026,May,State,GU,Guam,Total,66,21016,20823,193,19479,330,19149,1537,415,1122,10203,10813,1550,125,10665,5902,*,*,25,269,1243,5747,5414,4058,2196,1262,527,275,118,80,38,20898,26,62,*,0,*,18,14504,14311,193,20911,20718,193,14609,14416,193,3114,2948,166,89,12,0,3013
2026,May,State,MP,Northern Mariana Islands,Total,69,4024,3975,49,3594,87,3507,430,131,299,2107,1917,293,30,2114,1152,*,*,*,*,319,1377,1124,625,278,120,44,26,46,30,16,3978,*,*,*,0,0,*,2644,2595,49,3984,3935,49,2684,2635,49,442,393,49,*,*,0,390
2026,May,State,PR,Puerto Rico,Total,72,784608,104323,680285,673525,4073,669452,111083,2417,108666,357133,427475,3334,178,30,780841,16,209,772,11343,98968,161668,163303,142968,105875,60832,28041,10838,5421,2682,2739,779187,1985,2140,516,42,238,500,706963,26743,680220,784356,104092,680264,707215,26974,680241,687192,12328,674864,11058,2138,0,673996
2026,May,State,VI,Virgin Islands,Total,78,21089,14709,6380,19984,144,19840,1105,78,1027,9685,11404,3181,14612,231,2347,15,703,16,217,872,4699,4922,4356,3519,1620,675,193,369,193,176,20720,134,129,29,*,13,*,19110,12730,6380,20907,14527,6380,19292,12912,6380,11925,11045,880,303,12,0,11610
2026,May,State,UK,Unknown,Unknown,99,*,*,*,*,*,*,*,*,*,*,*,*,*,*,*,*,*,*,*,*,*,*,*,*,*,*,*,*,*,*,*,*,*,*,*,*,*,*,*,*,*,*,*,*,*,*,*,*,*,*,*,*,*
2026,May,State,FO,Foreign and Other Outlying Areas,Total,     ,567563,560355,7208,555964,84,555880,11599,36,11563,266816,300747,288151,15477,72420,153374,936,37205,149,2347,9103,95322,131461,121697,90131,61047,33704,22602,4673,3192,1481,562890,1130,2569,211,11,140,612,55499,48297,7202,567397,560189,7208,55665,48463,7202,12499,6189,6310,3102,359,0,9038
2026,June,National,US,National,Total,     ,70609057,34502353,36106704,63939077,313025,63626052,6669980,227141,6442839,32216071,38392986,49744943,7484172,2989479,7588707,246566,2555190,78782,1395510,5195688,17176088,17143101,13535440,8595268,4646845,2052676,789659,11849667,8450283,3399384,58759390,1849790,6675325,954722,267514,594872,1507444,64550918,28474326,36076592,70416838,34336708,36080130,64743137,28639971,36103166,57245158,25273453,31971705,12834294,1200483,0,43210381
2026,June,State,AL,Alabama,Total,01,1142885,440120,702765,976810,5412,971398,166075,4655,161420,512782,630103,826170,272483,8957,13422,911,20942,1558,28806,135711,274068,265668,206535,128037,66211,27385,8906,219633,82888,136745,923252,72660,57989,40798,4161,23287,20738,1056375,353734,702641,1136331,433655,702676,1062929,360199,702730,913054,353300,559754,229201,29925,0,653928
2026,June,State,AK,Alaska,Total,02,124028,120540,3488,114208,353,113855,9820,368,9452,61954,62074,90311,3149,5721,4217,12429,8201,153,2789,6878,33472,34294,24051,13310,6062,2306,713,18514,17418,1096,105514,131,12362,425,14,540,5042,109503,106016,3487,123541,120053,3488,109990,106503,3487,84185,82071,2114,20918,968,0,62299
2026,June,State,AZ,Arizona,Total,04,1560534,758276,802258,1442413,5959,1436454,118121,4867,113254,720163,840371,1150630,54776,35143,236073,31931,51981,1407,24619,92095,370097,382326,319463,207043,106594,42553,14337,248655,184210,64445,1311879,6957,154236,35786,3062,21702,26912,1438096,636080,802016,1550661,748592,802069,1447969,645764,802205,1264039,511043,752996,266635,16282,0,981122
2026,June,State,AR,Arkansas,Total,05,692771,366268,326503,587469,2758,584711,105302,2490,102812,317241,375530,564032,91563,5951,16807,2066,12352,1157,19225,84920,162712,157326,124064,78936,41943,16912,5576,129090,64838,64252,563681,30443,50946,21672,4129,12137,9763,645891,319433,326458,692491,366022,326469,646171,319679,326492,554794,250780,304014,136823,20301,0,397670
2026,June,State,CA,California,Total,06,7243867,3517170,3726697,6769704,41275,6728429,474163,24204,449959,3324107,3919760,3655998,442847,1026506,1785525,16926,316065,5275,107679,361209,1779548,1799955,1417282,919093,513430,239871,100525,1777831,1767830,10001,5466036,5336,1658948,2646,302,2019,108580,6636333,2913811,3722522,7222161,3498765,3723396,6658039,2932216,3725823,6102693,2514029,3588664,1909706,57182,0,4135805
2026,June,State,CO,Colorado,Total,08,1089448,521011,568437,1017970,3186,1014784,71478,2200,69278,504830,584618,860531,35133,24471,122085,2529,44699,772,16184,54522,273808,281017,221518,134005,68466,29036,10120,125213,86121,39092,964235,23492,40762,10086,7739,5514,37620,998012,432486,565526,1078815,513217,565598,1008645,440280,568365,881589,349892,531697,141194,16388,0,724007
2026,June,State,CT,Connecticut,Total,09,783973,338961,445012,719778,2964,716814,64195,1748,62447,353622,430351,595870,60760,19772,64290,536,42745,906,14888,48401,190776,188445,146153,100844,55383,26877,11300,206029,68115,137914,577944,122256,57953,10887,775,4771,9387,715044,270132,444912,782689,337722,444967,716328,271371,444957,664618,313744,350874,213108,1615,0,449895
2026,June,State,DE,Delaware,Total,10,258215,173816,84399,237358,1245,236113,20857,850,20007,115604,142611,189439,45076,5660,8339,128,9573,213,4080,16564,64770,65624,50670,31476,15848,6571,2399,32467,17397,15070,225748,8156,11127,4021,1738,2893,4532,238464,154094,84370,257368,172990,84378,239311,154920,84391,209745,139346,70399,34253,2952,0,172540
2026,June,State,DC,District of Columbia,Total,11,97782,64078,33704,87586,946,86640,10196,590,9606,42451,55331,27651,58646,2044,5187,36,4218,71,2645,7480,22029,22805,18618,12081,6837,3214,2002,33552,20752,12800,64230,12723,19501,57,20,20,1231,82387,48714,33673,96807,63127,33680,83362,49665,33697,72983,40549,32434,36359,915,0,35709
2026,June,State,FL,Florida,Total,12,5334437,2287617,3046820,4918443,21166,4897277,415994,14416,401578,2436060,2898377,3587792,569707,108876,887415,4078,176569,4442,80009,331543,1273925,1270024,1051630,711709,384189,164929,62037,916719,426268,490451,4417718,307569,342152,116651,18365,66231,65751,4995494,1949551,3045943,5330512,2284339,3046173,4999419,1952829,3046590,4418191,1556523,2861668,941671,79296,0,3397224
2026,June,State,GA,Georgia,Total,13,2029629,890480,1139149,1807982,12158,1795824,221647,11379,210268,903378,1126251,1266218,580967,61150,64061,1082,56151,2245,42359,177043,509964,489052,384554,238457,120609,48866,16480,372429,152093,220336,1657200,119047,34217,61551,7902,39738,109974,1883730,745307,1138423,2027604,889091,1138513,1885755,746696,1139059,1631014,575789,1055225,402170,48674,0,1180170
2026,June,State,HI,Hawaii,Total,15,316532,147771,168761,299387,2319,297068,17145,1529,15616,147882,168650,93327,3675,154783,24182,322,40243,186,3611,13348,72861,79648,65219,42497,21973,11216,5973,46970,38730,8240,269562,1030,28306,4939,384,2271,10040,274194,105491,168703,316209,147492,168717,274517,105770,168747,239301,77619,161682,51916,4168,0,183217
2026,June,State,ID,Idaho,Total,16,416679,225327,191352,379768,1043,378725,36911,755,36156,197946,218733,374350,1363,4309,20855,2341,13461,639,9158,27114,100880,104709,82515,51511,26271,10559,3323,52377,28322,24055,364302,11729,18826,7609,2770,4717,6726,389505,198194,191311,416528,225207,191321,389656,198314,191342,325716,155146,170570,54214,3994,0,267508
2026,June,State,IL,Illinois,Total,17,2487731,1395962,1091769,2271053,12539,2258514,216678,8197,208481,1124165,1363566,1774609,317928,92125,215360,981,86728,2685,48965,165028,609854,608543,473125,300596,170296,77291,31348,383012,321231,61781,2104719,21276,191045,24752,12061,15753,118125,2268789,1177232,1091557,2473937,1382259,1091678,2282583,1190935,1091648,2056997,1057424,999573,441104,32862,0,1583031
2026,June,State,IN,Indiana,Total,18,1426351,698059,728292,1265844,5490,1260354,160507,4351,156156,647951,778400,1220974,109580,14335,36972,705,43785,1913,31838,126756,347779,345424,266547,164003,89845,38207,14039,219658,150632,69026,1206693,58035,125049,7785,5320,3206,20263,1332142,603993,728149,1425198,697017,728181,1333295,605035,728260,1196768,558943,637825,246833,18638,0,931297
2026,June,State,IA,Iowa,Total,19,709170,442269,266901,644255,2043,642212,64915,1463,63452,328552,380618,652313,14277,6743,13878,847,21112,1112,15904,47899,172141,172730,135852,83048,49085,22838,8561,84741,59963,24778,624429,12381,34532,7783,7233,4614,18198,664677,397808,266869,708501,441622,266879,665346,398455,266891,596527,370038,226489,90410,9438,0,496679
2026,June,State,KS,Kansas,Total,20,609353,405541,203812,553092,2082,551010,56261,1589,54672,280670,328683,522243,29921,9460,27458,2351,17920,942,13534,41785,148305,151525,116674,71492,39499,18561,7036,67761,42834,24927,541592,13405,24871,7499,4658,4023,13305,562864,359088,203776,608756,404967,203789,563461,359662,203799,488077,305252,182825,73002,8618,0,406457
2026,June,State,KY,Kentucky,Total,21,1010021,450762,559259,861525,3546,857979,148496,2725,145771,464194,545827,903340,66186,6994,10947,429,22125,1617,24849,122030,244387,234781,183923,109882,57388,23228,7936,178433,88352,90081,831588,50783,56644,25776,3950,13522,27758,933544,376190,557354,996232,438812,557420,947333,388140,559193,836856,360120,476736,189037,33912,0,613907
2026,June,State,LA,Louisiana,Total,22,966602,408023,558579,840402,5646,834756,126200,4688,121512,440927,525675,622796,280072,11799,27821,1010,23104,1302,25445,99453,239124,232544,175576,105808,55656,23144,8550,219440,113173,106267,747162,54001,93432,33160,6125,19106,13616,899419,340965,558454,964637,406126,558511,901384,342862,558522,811398,289421,521977,240862,17481,0,553055
2026,June,State,ME,Maine,Total,23,390974,160933,230041,347098,779,346319,43876,565,43311,182251,208723,366526,1951,2584,2813,870,16230,713,10109,33054,93049,94732,75905,46320,23624,10010,3458,105512,50350,55162,285462,46685,46075,55,21,8422,4254,363270,133714,229556,389019,159447,229572,365225,135200,230025,324160,109645,214515,108180,788,0,215192
2026,June,State,MD,Maryland,Total,24,1199172,899398,299774,1101308,6902,1094406,97864,4255,93609,529337,669835,704066,333753,59864,46833,681,53975,1187,23933,72744,297537,292535,230884,149197,80937,35972,14246,154898,89243,65655,1044274,39129,81981,17051,126,9475,7136,1035660,735978,299682,1196916,897210,299706,1037916,738166,299750,860632,609919,250713,171576,21888,0,667168
2026,June,State,MA,Massachusetts,Total,25,1516549,975290,541259,1368836,4711,1364125,147713,2461,145252,682606,833943,1183363,73537,61553,108784,811,88501,1867,36056,109790,361433,360696,288795,188645,101567,48305,19395,372663,285003,87660,1143886,73809,234590,8811,3048,5040,47365,1372038,830877,541161,1514600,973384,541216,1373987,832783,541204,1264412,759456,504956,396836,5037,0,862539
2026,June,State,MI,Michigan,Total,26,2324309,848744,1475565,2063045,9348,2053697,261264,6862,254402,1064622,1259687,1883351,265427,36311,51289,5532,82399,3239,55726,202299,566509,562670,433878,268614,144737,62998,23639,331060,270193,60867,1993249,9034,229490,32414,8773,19419,31930,2186990,711653,1475337,2323534,848114,1475420,2187765,712283,1475482,1992263,938280,1053983,364934,39462,0,1587867
2026,June,State,MN,Minnesota,Total,27,1206148,517966,688182,1104794,3461,1101333,101354,2519,98835,561815,644333,1069308,38542,25783,18967,6437,47111,1512,26677,73165,297920,296438,231445,144524,82860,37783,13824,135302,122299,13003,1070846,2039,76937,7104,9371,3860,35991,1126006,437893,688113,1205193,517043,688150,1126961,438816,688145,1003984,432032,571952,150079,14327,0,839578
2026,June,State,MS,Mississippi,Total,28,657224,360092,297132,560439,4088,556351,96785,4236,92549,296619,360605,418085,217666,4450,6401,965,9657,1191,16791,78803,160785,153517,118198,70449,37266,15064,5160,160836,71779,89057,496388,51426,46800,23912,73,13719,24906,614595,317517,297078,656925,359831,297094,614894,317778,297116,523028,248004,275024,164607,16740,0,341681
2026,June,State,MO,Missouri,Total,29,1371496,624022,747474,1210424,5150,1205274,161072,4189,156883,626240,745256,1170349,127395,14211,22028,1900,35613,2402,34320,124350,335697,325200,252083,159690,86821,37731,13202,182683,138336,44347,1188813,16128,91848,18818,12814,9401,33674,1277590,530220,747370,1370546,623125,747421,1278540,531117,747423,1134660,474600,660060,206249,30518,0,897893
2026,June,State,MT,Montana,Total,30,272554,191337,81217,251661,605,251056,20893,457,20436,131077,141477,249250,701,1483,4266,7127,9727,290,4780,15823,66792,70514,55016,32788,16972,7113,2466,23976,15230,8746,248578,4635,10961,2715,1125,1396,3144,252967,171781,81186,272279,191088,81191,253242,172030,81212,207138,133824,73314,27990,4867,0,174281
2026,June,State,NE,Nebraska,Total,31,398932,262635,136297,363788,1162,362626,35144,1023,34121,184224,214708,349537,13635,4209,15476,1629,14446,596,9066,25482,96801,99164,77793,46583,26261,12495,4691,43941,37763,6178,354991,433,27688,3188,128,2557,9947,368169,231902,136267,398536,262259,136277,368565,232278,136287,320106,197863,122243,46611,5566,0,267929
2026,June,State,NV,Nevada,Total,32,629551,301958,327593,580041,2754,577287,49510,2333,47177,297070,332481,406605,54439,52024,88654,3010,24819,494,9669,39347,156170,158370,126781,79900,39213,14963,4644,83334,30346,52988,546217,32069,23186,13269,1464,7650,5696,567571,240082,327489,626569,299056,327513,570553,242984,327569,483671,175247,308424,91311,10969,0,381391
2026,June,State,NH,New Hampshire,Total,33,361149,248399,112750,324218,784,323434,36931,454,36477,168611,192538,332276,2245,3677,5676,177,17098,589,9878,26464,91254,88466,68155,42285,21452,9259,3347,30311,18510,11801,330838,6216,9056,3670,1393,1915,8061,325105,212368,112737,361041,248300,112741,325213,212467,112746,278065,176587,101478,34458,5773,0,237834
2026,June,State,NJ,New Jersey,Total,34,1842581,1079897,762684,1698081,9755,1688326,144500,5497,139003,824191,1018390,1215329,205160,120513,220842,834,79903,1818,30618,112064,461514,444815,345402,231062,129325,60461,25502,231493,197856,33637,1611088,9569,176009,15145,138,8923,21709,1640659,878162,762497,1829313,1066735,762578,1653927,891324,762603,1486091,930767,555324,246628,44000,0,1195463
2026,June,State,NM,New Mexico,Total,35,476263,234588,241675,427555,2044,425511,48708,1738,46970,220483,255780,260850,8314,5317,162994,23170,15618,532,10096,38080,113303,116854,94628,56836,29380,12300,4254,45875,29280,16595,430388,11013,11908,3122,1334,2460,16038,436308,194735,241573,471356,229760,241596,441215,199563,241652,377380,148167,229213,118468,5851,0,253061
2026,June,State,NY,New York,Total,36,4054716,1881054,2173662,3669206,19260,3649946,385510,10412,375098,1818949,2235767,2534729,499120,297605,497879,7270,218113,4131,79279,302100,979014,960854,760349,492262,282105,134991,59631,1158947,1002937,156010,2895769,96299,812166,500,180,59211,190591,3718798,1545478,2173320,4046528,1872996,2173532,3726986,1553536,2173450,3396323,1387043,2009280,1250689,30565,0,2115069
2026,June,State,NC,North Carolina,Total,37,2322851,978674,1344177,2071647,11010,2060637,251204,8913,242291,1036629,1286222,1686070,458977,35477,62189,10170,69968,2783,47730,200691,565042,555956,445942,281073,143442,60229,19963,356528,263891,92637,1966323,13182,213610,51542,9219,27913,41062,2181491,837562,1343929,2320927,976917,1344010,2183415,839319,1344096,1896580,826367,1070213,372456,60667,0,1463457
2026,June,State,ND,North Dakota,Total,38,154162,99480,54682,141549,455,141094,12613,367,12246,73462,80700,141826,1176,773,1699,3855,4833,216,3370,9027,38614,39176,28837,17510,10122,5200,2090,14378,11170,3208,139784,1066,7172,1432,1062,710,2936,142241,87568,54673,153984,99310,54674,142419,87738,54681,120622,88780,31842,16407,1639,0,102576
2026,June,State,OH,Ohio,Total,39,2630753,1144100,1486653,2351517,10868,2340649,279236,7442,271794,1193065,1437688,2177060,269292,31290,44248,1094,107769,3500,61006,214730,639158,638305,500944,302016,169277,74088,27729,405484,272345,133139,2225269,66902,168410,43216,23233,23021,80702,2435494,957747,1477747,2609293,1131382,1477911,2456954,970465,1486489,2229714,992718,1236996,437221,42643,0,1749850
2026,June,State,OK,Oklahoma,Total,40,829592,477843,351749,725354,3340,722014,104238,3068,101170,380666,448926,669421,55134,11479,29939,43203,20416,1295,20853,82090,203061,198085,150878,94511,50382,21304,7133,115942,96153,19789,713650,411,76081,12785,7658,6593,12414,757751,406076,351675,829290,477599,351691,758053,406320,351733,624509,309474,315035,127465,22688,0,474356
2026,June,State,OR,Oregon,Total,41,972585,449222,523363,889074,2696,886378,83511,1928,81583,449688,522897,843174,13338,29467,44009,5654,36943,1060,20088,62363,216167,243603,203337,125891,64227,26230,9619,168032,92175,75857,804553,40312,61221,22472,7255,13073,23699,903211,379961,523250,972070,448781,523289,903726,380402,523324,803067,304270,498797,178677,8416,0,615974
2026,June,State,PA,Pennsylvania,Total,42,3037586,1382756,1654830,2733321,11580,2721741,304265,7351,296914,1381100,1656486,2515355,257947,61243,105586,1014,96441,3303,62425,238537,730662,734415,575024,361033,201476,93132,37579,468248,382916,85332,2569338,9675,293392,47221,22983,28436,66541,2804211,1149789,1654422,3029382,1374755,1654627,2812415,1157790,1654625,2558949,1087455,1471494,498877,62154,0,1997918
2026,June,State,RI,Rhode Island,Total,44,252591,101811,150780,224799,734,224065,27792,470,27322,113253,139338,203298,9701,4395,22332,306,12559,347,6447,20998,61265,60294,46665,29848,16006,7472,3249,44569,36862,7707,208022,5927,24210,189,23,1591,12629,228383,77626,150757,252347,101578,150769,228627,77859,150768,210498,66005,144493,48521,4468,0,157509
2026,June,State,SC,South Carolina,Total,45,1285904,685816,600088,1149888,6439,1143449,136016,5516,130500,578648,707256,927788,287705,12700,24632,872,32207,1176,23325,111515,311784,311218,252259,157245,76663,30653,10066,172619,142209,30410,1113285,897,109864,17715,8456,11798,23889,1203893,603962,599931,1280231,680270,599961,1209566,609508,600058,1025397,487791,537606,181557,42662,0,801178
2026,June,State,SD,South Dakota,Total,46,206509,132835,73674,190571,624,189947,15938,502,15436,98889,107620,187694,1319,1251,2489,7353,6403,243,3900,11795,52108,53130,40142,23501,13046,6230,2414,20183,12174,8009,186326,4596,8448,2238,1119,1175,2607,190328,116663,73665,206417,132751,73666,190420,116747,73673,157527,112955,44572,21915,2200,0,133412
2026,June,State,TN,Tennessee,Total,47,1528522,709783,818739,1342159,6252,1335907,186363,5336,181027,691350,837172,1249618,200953,15729,23950,987,37285,2158,32958,151247,373224,364958,286466,177874,91167,36614,11856,233090,146392,86698,1295432,42072,115518,44303,12947,323,17927,1421471,602947,818524,1526506,707933,818573,1423487,604797,818690,1236988,479949,757039,247746,38663,0,950579
2026,June,State,TX,Texas,Total,48,5017127,2268074,2749053,4564770,29601,4535169,452357,27567,424790,2301194,2715933,2887415,572541,192456,1232111,5944,126660,5408,99413,347536,1291413,1257058,949907,585904,304701,130309,45478,668800,355474,313326,4348327,202722,292403,77574,12963,33030,50108,4585984,1842524,2743460,5006600,2262843,2743757,4596511,1847755,2748756,4017950,1725758,2292192,748407,181719,0,3087824
2026,June,State,UT,Utah,Total,49,490235,221009,269226,449177,1490,447687,41058,1268,39790,230480,259755,421873,3483,11678,32624,2566,18011,722,11238,29098,120370,125231,95285,59676,31432,13082,4101,38927,31770,7157,451308,1438,20265,3410,3025,2309,8480,447982,178829,269153,487204,218025,269179,451013,181813,269200,392485,140879,251606,44695,8137,0,339653
2026,June,State,VT,Vermont,Total,50,170636,149046,21590,153307,306,153001,17329,187,17142,80051,90585,157076,916,1276,1356,91,9921,282,4775,12272,40154,42039,33532,20984,10467,4495,1636,31609,18472,13137,139027,9941,16279,40,217,3156,1976,157228,135643,21585,170455,148869,21586,157409,135820,21589,134549,118943,15606,32923,1175,0,100451
2026,June,State,VA,Virginia,Total,51,1756307,1062042,694265,1591430,8415,1583015,164877,5842,159035,792041,964266,1228267,322750,75812,61621,975,66882,1942,35591,127344,430212,423549,337146,217692,115306,49473,18052,200923,134903,66020,1555384,30954,98782,22562,7922,12504,28199,1584174,890069,694105,1751615,1057455,694160,1588866,894656,694210,1307379,690823,616556,224554,41574,0,1041251
2026,June,State,WA,Washington,Total,53,1583566,796152,787414,1456466,5080,1451386,127100,3561,123539,732693,850873,1275402,45473,102238,75427,11558,73468,1522,30568,95010,377073,398486,317229,200246,103101,43998,16333,235838,148195,87643,1347728,58372,140695,12510,557,16761,6943,1446466,659216,787250,1581988,794673,787315,1448044,660695,787349,1252449,501361,751088,250940,13218,0,988291
2026,June,State,WV,West Virginia,Total,54,457400,198310,259090,393098,1645,391453,64302,974,63328,215617,241783,430257,13516,2038,3233,207,8149,611,10201,53490,105872,107046,87711,50561,27070,10992,3846,82457,43558,38899,374943,21236,31650,11266,2066,6397,9842,428420,169382,259038,457217,198168,259049,428603,169524,259079,357854,181837,176017,88178,13300,0,256376
2026,June,State,WI,Wisconsin,Total,55,1373621,585222,788399,1246001,4498,1241503,127620,3338,124282,640872,732749,1204579,58734,15507,32942,6340,55519,1916,31037,94667,343950,336809,261197,159957,88716,40360,15012,175792,158310,17482,1197829,3877,96903,8291,15383,5314,46024,1296770,508441,788329,1373348,584986,788362,1297043,508677,788366,1106421,463053,643368,188123,11387,0,906911
2026,June,State,WY,Wyoming,Total,56,133246,112726,20520,122612,299,122313,10634,240,10394,65046,68200,119830,762,706,6185,1353,4410,146,2525,7963,34229,35505,25777,15028,7758,3243,1072,11782,6538,5244,121464,2915,3654,1484,673,845,2211,123279,102770,20509,133169,112658,20511,123356,102838,20518,95640,79677,15963,12817,1286,0,81537
2026,June,State,AS,American Samoa,Total,60,3985,3625,360,3137,86,3051,848,88,760,2007,1978,149,12,3348,66,0,410,*,*,755,905,958,668,360,141,54,51,288,199,89,3697,54,161,24,0,11,38,2351,1991,360,3984,3624,360,2352,1992,360,450,111,339,*,*,0,274
2026,June,State,GU,Guam,Total,66,21034,20844,190,19496,325,19171,1538,413,1125,10215,10819,1551,125,10663,5909,*,*,25,270,1243,5819,5403,4037,2184,1255,525,273,119,82,37,20915,25,63,*,0,*,19,14507,14317,190,20929,20739,190,14612,14422,190,3102,2939,163,87,12,0,3003
2026,June,State,MP,Northern Mariana Islands,Total,69,4035,3985,50,3603,85,3518,432,132,300,2116,1919,295,29,2123,1153,*,*,*,*,320,1401,1116,623,277,118,44,24,50,33,17,3985,*,*,*,0,0,*,2647,2597,50,3995,3945,50,2687,2637,50,439,389,50,*,*,0,388
2026,June,State,PR,Puerto Rico,Total,72,784978,104045,680933,673387,4014,669373,111591,2414,109177,357196,427782,3325,178,30,781220,16,209,790,11400,99401,163388,163063,142637,105465,60442,27736,10656,5434,2675,2759,779544,1998,2141,526,40,235,494,707383,26514,680869,784730,103817,680913,707631,26742,680889,687715,12240,675475,11042,2134,0,674539
2026,June,State,VI,Virgin Islands,Total,78,21093,14700,6393,19986,141,19845,1107,78,1029,9677,11416,3188,14600,233,2351,15,706,16,219,872,4756,4914,4345,3502,1608,671,190,375,192,183,20718,139,129,30,*,14,*,19104,12711,6393,20911,14518,6393,19286,12893,6393,11916,11033,883,300,11,0,11605
2026,June,State,UK,Unknown,Unknown,99,*,*,*,*,*,*,*,*,*,*,*,*,*,*,*,*,*,*,*,*,*,*,*,*,*,*,*,*,*,*,*,*,*,*,*,*,*,*,*,*,*,*,*,*,*,*,*,*,*,*,*,*,*
2026,June,State,FO,Foreign and Other Outlying Areas,Total,     ,567570,560447,7123,555942,84,555858,11628,36,11592,266806,300764,287951,15479,72423,153494,935,37288,152,2362,9114,96452,131348,121500,89911,60790,33507,22434,4727,3218,1509,562843,1153,2596,216,13,140,609,55208,48091,7117,567405,560282,7123,55373,48256,7117,12337,6114,6223,3051,351,0,8935
